Date,Open,High,Low,Close,Adj Close,Volume,stock
1989-12-26,21.975435256958008,22.04752540588379,21.975435256958008,22.04752540588379,13.01728630065918,268200.0,AA
1989-12-26,2.375,2.375,2.25,2.375,2.1947646141052246,31100.0,AAME
1989-12-26,0.7037037014961243,0.7129629850387573,0.7037037014961243,0.7129629850387573,355262649073664.0,8100.0,AAN
1989-12-26,1.3125,1.3125,1.2589285373687744,1.2678571939468384,1.0281845331192017,33821200.0,AAPL
1989-12-26,3.625,3.6875,3.625,3.6875,0.10883402824401857,26400.0,AB
1989-12-26,12500.0,12500.0,11250.0,11250.0,10313.6845703125,0.0,ABEO
1989-12-26,4.25,4.25,4.25,4.25,0.7522554993629456,3200.0,ABM
1989-12-26,5.6875,5.6875,5.625,5.625,5.625,10000.0,ABMD
1989-12-26,3.7665588855743413,3.7946152687072754,3.7665588855743413,3.7735729217529297,0.4761269390583038,4061200.0,ABT
1989-12-26,4.125,4.125,4.0,4.125,2.743832588195801,2400.0,ACU
1989-12-26,1.203125,1.234375,1.171875,1.203125,1.129652500152588,1689600.0,ADBE
1989-12-26,1.5416666269302368,1.5625,1.5416666269302368,1.5416666269302368,1.0467691421508791,151200.0,ADI
1989-12-26,8.213352203369139,8.352560997009277,8.213352203369139,8.306158065795897,4.843672752380371,680000.0,ADM
1989-12-26,4.671643257141113,4.745993137359619,4.659251689910889,4.721209526062012,2.7847321033477783,754400.0,ADP
1989-12-26,4.75,4.875,4.71875,4.875,4.2824883460998535,816800.0,ADSK
1989-12-26,10.416666984558104,10.416666984558104,10.333333015441896,10.333333015441896,1.2544701099395752,8400.0,ADX
1989-12-26,3.25,3.25,3.25,3.25,2.055858373641968,100.0,AE
1989-12-26,0.0,7.625,7.5625,7.625,0.4085979163646698,26200.0,AEF
1989-12-26,2.818509578704834,2.818509578704834,2.818509578704834,2.818509578704834,0.008827948942780495,10400.0,AEG
1989-12-26,8.25,8.375,8.25,8.375,8.375,4300.0,AEGN
1989-12-26,8.875,8.875,8.75,8.75,6.677505493164063,13600.0,AEM
1989-12-26,32.875,33.0,32.625,32.75,6.2761597633361825,114900.0,AEP
1989-12-26,17.0,17.25,17.0,17.25,4.952804088592528,61300.0,AFG
1989-12-26,1.1666666269302368,1.1749999523162842,1.1583333015441897,1.1749999523162842,0.14576877653598785,1997600.0,AFL
1989-12-26,4.21875,4.28125,4.1875,4.28125,3.2515056133270264,826400.0,AGN
1989-12-26,0.0,2.407407522201538,2.407407522201538,2.407407522201538,1.9529279470443728,1500.0,AGYS
1989-12-26,171.9308624267578,172.35226440429688,171.29876708984375,171.29876708984375,122.47857666015624,42700.0,AIG
1989-12-26,1.0625,1.0625,1.0625,1.0625,1.0625,25200.0,AIM
1989-12-26,18.3188533782959,18.3188533782959,18.3188533782959,18.3188533782959,11.276525497436525,1600.0,AIN
1989-12-26,23.08333396911621,23.08333396911621,22.91666603088379,22.91666603088379,12.905862808227539,3400.0,AIR
1989-12-26,1.0416666269302368,1.0416666269302368,1.0416666269302368,1.0416666269302368,0.6009867787361145,0.0,AIRT
1989-12-26,5.481481552124023,5.55555534362793,5.456789970397949,5.456789970397949,0.9384006857872008,48600.0,AIT
1989-12-26,6.09375,6.09375,6.09375,6.09375,0.9148741364479064,400.0,AJG
1989-12-26,6.000312328338622,6.0662498474121085,6.000312328338622,6.000312328338622,3.478606700897217,800700.0,AJRD
1989-12-26,29.5,30.5,29.25,30.5,18.99160385131836,2000.0,ALCO
1989-12-26,39.75,40.125,39.75,39.9375,10.737884521484377,5200.0,ALE
1989-12-26,5.28125,5.34375,5.28125,5.3125,4.152983665466309,129200.0,ALK
1989-12-26,4.666666507720947,4.7272725105285645,4.666666507720947,4.7272725105285645,2.1374945640563965,17800.0,ALOT
1989-12-26,58.25,58.25,56.25,56.75,27.70893859863281,11000.0,ALX
1989-12-26,11.0,11.0,11.0,11.0,11.0,700.0,AMAG
1989-12-26,0.4296875,0.4375,0.4296875,0.43359375,0.3304319679737091,1452800.0,AMAT
1989-12-26,3.9375,4.0,3.875,3.9375,3.9375,237600.0,AMD
1989-12-26,1.9259259700775144,1.9444444179534912,1.9074074029922483,1.9444444179534912,0.19763806462287906,95100.0,AME
1989-12-26,1.0859375,1.0885416269302368,1.0520833730697632,1.078125,0.8770169615745544,12144000.0,AMGN
1989-12-26,2.5,2.5,2.5,2.5,2.0404703617095947,0.0,AMOT
1989-12-26,3.25,3.25,3.125,3.125,2.483309507369995,9100.0,AMS
1989-12-26,14.416666984558105,14.75,14.416666984558105,14.583333015441895,5.521064281463623,129100.0,AMSWA
1989-12-26,0.0,3.125,3.125,3.125,2.728759527206421,20800.0,AMWD
1989-12-26,34.0,34.5,34.0,34.125,11.250768661499023,45500.0,ANAT
1989-12-26,87.5,87.5,81.25,84.375,84.375,10600.0,ANIX
1989-12-26,11.851851463317873,12.0,11.851851463317873,11.962963104248047,4.1618261337280265,145000.0,AON
1989-12-26,0.7291666865348816,0.7291666865348816,0.7291666865348816,0.7291666865348816,0.0025100107304751873,5200.0,AOS
1989-12-26,11.75,11.875,11.75,11.75,5.1405534744262695,1800.0,AP
1989-12-26,7.629869937896728,7.629869937896728,7.413419723510742,7.629869937896728,4.41828203201294,293200.0,APA
1989-12-26,10.72502326965332,10.840657234191896,10.667206764221193,10.811748504638672,3.745297908782959,328100.0,APD
1989-12-26,7.8125,7.9375,7.8125,7.9375,4.429898262023926,3800.0,APOG
1989-12-26,22.275894165039066,22.52113342285156,22.275894165039066,22.43938636779785,13.140050888061525,53800.0,ARGO
1989-12-26,2.125,2.125,2.0,2.125,0.9262142181396484,56000.0,ARKR
1989-12-26,5.0625,5.15625,4.96875,5.0625,4.307034969329834,4400.0,ARL
1989-12-26,20.591266632080078,20.69668197631836,20.591266632080078,20.69668197631836,11.961204528808596,286600.0,ARNC
1989-12-26,5.261003494262695,5.261003494262695,5.261003494262695,5.261003494262695,1.835599064826965,0.0,AROW
1989-12-26,3.75,3.75,3.75,3.75,3.032679319381714,200.0,ARTW
1989-12-26,2.0,2.0,1.9375,1.9375,1.9375,11400.0,ARW
1989-12-26,18.79166603088379,18.83333396911621,18.75,18.75,8.454490661621094,128100.0,ASA
1989-12-26,5.16054630279541,5.221258640289307,5.16054630279541,5.16054630279541,1.071440577507019,4000.0,ASB
1989-12-26,10.125,10.125,10.0,10.0,0.8313547968864441,45100.0,ASG
1989-12-26,14.59274673461914,15.020547866821287,14.4976806640625,14.925480842590332,2.729564428329468,198200.0,ASH
1989-12-26,0.0,28.75,27.5,28.75,28.75,54300.0,ASNA
1989-12-26,0.0,4.5,4.416666507720947,4.458333492279053,1.2731504440307615,16200.0,ASRV
1989-12-26,2.125,2.1875,2.125,2.125,1.9125968217849727,122400.0,ASTE
1989-12-26,8.0,8.0,8.0,8.0,8.0,0.0,ASYS
1989-12-26,8.625,9.25,8.5,8.5,0.5954887866973877,44900.0,ATAX
1989-12-26,11.5,11.583333015441895,11.5,11.5,3.063997507095337,1500.0,ATO
1989-12-26,7.333333492279053,7.5,7.166666507720947,7.166666507720947,3.29810643196106,300.0,ATRI
1989-12-26,0.30316001176834106,0.30316001176834106,0.30316001176834106,0.30316001176834106,0.06865303963422775,0.0,ATRO
1989-12-26,15.4375,15.4375,15.25,15.3125,2.8641273975372314,41800.0,AVA
1989-12-26,0.7489669322967529,0.8006198406219482,0.7489669322967529,0.8006198406219482,0.3451775014400482,96200.0,AVD
1989-12-26,168.0,168.0,163.5,168.0,168.0,3600.0,AVNW
1989-12-26,15.25,15.625,15.125,15.3125,11.295671463012695,65800.0,AVT
1989-12-26,16.1875,16.1875,16.0625,16.0625,5.9462480545043945,21800.0,AVY
1989-12-26,0.0,5.083333492279053,4.979166507720947,4.979166507720947,0.11482658237218855,6000.0,AWR
1989-12-26,10.3125,10.625,10.3125,10.5625,7.48548698425293,46600.0,AXE
1989-12-26,3.7792894840240483,3.7792894840240483,3.7792894840240483,3.7792894840240483,3.079381227493286,0.0,AXGN
1989-12-26,8.239490509033201,8.496974945068361,8.14293384552002,8.400418281555176,2.33332633972168,2541700.0,AXP
1989-12-26,6.25,6.375,6.25,6.25,5.245258331298828,5700.0,AXR
1989-12-26,0.0,1.3038548231124878,1.2471655607223509,1.3038548231124878,0.5371281504631042,103200.0,AZZ
1989-12-26,4.9375,4.9375,4.9375,4.9375,0.3181753158569336,12000.0,B
1989-12-26,19.16666603088379,19.5,19.16666603088379,19.45833396911621,8.951318740844727,767400.0,BA
1989-12-26,11.15625,11.40625,11.15625,11.375,1.6509524583816528,615200.0,BAC
1989-12-26,2.596781015396118,2.596781015396118,2.582819938659668,2.582819938659668,0.17702238261699674,78900.0,BAM
1989-12-26,6.105022430419923,6.135855674743652,6.043355464935303,6.043355464935303,1.0331488847732544,727500.0,BAX
1989-12-26,3.6962769031524663,3.6962769031524663,3.6962769031524663,3.6962769031524663,0.05268451198935509,900.0,BBVA
1989-12-26,0.2314814776182175,0.2314814776182175,0.2222222238779068,0.2314814776182175,0.16369663178920746,676800.0,BBY
1989-12-26,13.5,13.75,13.375,13.75,7.767290115356445,68500.0,BC
1989-12-26,19.5,19.5,19.375,19.375,0.6514326930046082,40600.0,BCE
1989-12-26,0.15802469849586487,0.15802469849586487,0.15802469849586487,0.15802469849586487,0.1369820088148117,9400.0,BCPC
1989-12-26,5.945523262023926,5.945523262023926,5.945523262023926,5.945523262023926,0.2863352596759796,11200.0,BCS
1989-12-26,18.0,18.0,18.0,18.0,1.986387133598328,1000.0,BCV
1989-12-26,0.5625,0.5625,0.5625,0.5625,0.3797533512115479,0.0,BDL
1989-12-26,4.5,4.875,4.5,4.875,0.9107669591903688,900.0,BDN
1989-12-26,7.4375,7.53125,7.40625,7.40625,2.6995906829833984,463200.0,BDX
1989-12-26,2.0,2.0,1.875,1.875,1.5486726760864258,4000.0,BELFA
1989-12-26,1.481481432914734,1.4861111640930176,1.4768518209457395,1.4861111640930176,0.3290765881538391,97200.0,BEN
1989-12-26,6.40625,6.4375,6.34375,6.375,1.0963979959487915,51600.0,BGG
1989-12-26,0.0,63.0692253112793,62.29059219360352,63.0692253112793,33.51041793823242,400.0,BH
1989-12-26,7.0517168045043945,7.0517168045043945,7.0517168045043945,7.0517168045043945,0.9558880925178528,2000.0,BHP
1989-12-26,9.375,9.375,9.25,9.25,1.355785846710205,3000.0,BIF
1989-12-26,2.559999942779541,2.559999942779541,2.400000095367432,2.400000095367432,2.030059337615967,215000.0,BIG
1989-12-26,5.0,5.0,4.958333492279053,5.0,5.0,18600.0,BIO
1989-12-26,5.3662285804748535,5.44904088973999,5.333103656768799,5.3662285804748535,0.3812333643436432,887500.0,BK
1989-12-26,12.666666984558105,12.722222328186035,12.666666984558105,12.722222328186035,2.7836127281188965,6900.0,BKH
1989-12-26,24.75,25.125,24.5,25.0,10.967358589172363,286900.0,BKR
1989-12-26,0.0,2.314343214035034,2.2014484405517583,2.2014484405517583,0.7591318488121033,4100.0,BKSC
1989-12-26,8.625,8.75,8.625,8.625,0.8284124135971069,33800.0,BKT
1989-12-26,7.125,7.5,7.125,7.5,5.7112364768981925,3100.0,BKTI
1989-12-26,0.0,137.8125,129.0625,129.0625,129.0625,100.0,BLFS
1989-12-26,2.0234375,2.0390625,2.0234375,2.03125,0.0053255753591656685,49600.0,BLL
1989-12-26,1.21875,1.21875,1.21875,1.21875,0.0022530134301632643,6400.0,BMI
1989-12-26,0.625,0.75,0.625,0.625,0.625,11600.0,BMRA
1989-12-26,4.25,4.3125,4.25,4.25,1.9979841709136963,10400.0,BMTC
1989-12-26,13.265392303466795,13.265392303466795,13.176162719726562,13.20590591430664,1.5813761949539185,687900.0,BMY
1989-12-26,4.875,6.75,4.875,4.875,4.331454277038573,500.0,BNSO
1989-12-26,10.707070350646973,10.858586311340332,10.707070350646973,10.757575988769533,3.1654157638549805,26000.0,BOH
1989-12-26,2.8125,3.125,2.8125,2.8125,2.5187604427337646,22400.0,BOOM
1989-12-26,16.0,16.125,16.0,16.125,1.2889037132263184,147200.0,BP
1989-12-26,22.5,22.5,22.5,22.5,11.110041618347168,0.0,BPOP
1989-12-26,27.5,28.25,27.5,27.875,0.8215868473052979,22900.0,BPT
1989-12-26,5.0,5.0,5.0,5.0,1.3273309469223022,0.0,BRC
1989-12-26,6.978879928588867,6.978879928588867,6.978879928588867,6.978879928588867,5.199322700500488,0.0,BRID
1989-12-26,5.729166507720947,5.729166507720947,5.6875,5.708333492279053,4.671188354492188,12000.0,BRN
1989-12-26,0.42500001192092896,0.42500001192092896,0.42500001192092896,0.42500001192092896,0.0007274747476913035,0.0,BRO
1989-12-26,11.25,11.375,11.125,11.375,3.3558003902435303,3500.0,BRT
1989-12-26,7.3125,7.375,7.3125,7.3125,6.603306770324707,8600.0,BRY
1989-12-26,19.46666717529297,19.46666717529297,19.200000762939453,19.200000762939453,5.570028781890869,3100.0,BSET
1989-12-26,6.59375,6.71875,6.59375,6.59375,0.11212421208620073,177200.0,BTI
1989-12-26,2.0964200496673584,2.0964200496673584,1.991760015487671,2.0964200496673584,1.8943967819213867,17052.0,BXG
1989-12-26,75.0,78.75,75.0,75.0,17.966585159301758,100.0,BXMT
1989-12-26,4.45703125,4.45703125,4.45703125,4.45703125,0.8536462187767029,6800.0,BXS
1989-12-26,22.513750076293945,22.721250534057614,22.40999984741211,22.513750076293945,17.355112075805664,163300.0,C
1989-12-26,1.0,1.03125,0.9375,0.9375,0.9375,30400.0,CACI
1989-12-26,6.939040184020996,7.10116720199585,6.939040184020996,7.036316394805907,1.7619837522506714,279800.0,CAG
1989-12-26,3.6029629707336426,3.6029629707336426,3.6029629707336426,3.6029629707336426,1.7077528238296509,0.0,CAH
1989-12-26,8.550000190734862,8.550000190734862,8.550000190734862,8.550000190734862,2.818500518798828,37500.0,CAJ
1989-12-26,12.0,12.0,11.88888931274414,11.94444465637207,2.2593109607696533,55000.0,CAL
1989-12-26,0.625,0.625,0.625,0.625,0.625,4000.0,CAMP
1989-12-26,0.0,2.791769504547119,2.765432119369507,2.791769504547119,2.5556166172027592,9300.0,CAR
1989-12-26,2.84375,2.875,2.78125,2.78125,2.136913061141968,160800.0,CASY
1989-12-26,6.953125,7.015625,6.828125,7.015625,1.3031859397888184,2673600.0,CAT
1989-12-26,1.5,1.5,1.5,1.5,0.490882158279419,14800.0,CATO
1989-12-26,11.671879768371582,11.6875,11.625,11.640620231628418,2.9704782962799072,469600.0,CB
1989-12-26,69.0625,70.0,69.0625,70.0,21.107742309570312,6700.0,CBB
1989-12-26,5.037036895751953,5.135802268981934,5.037036895751953,5.135802268981934,3.0468854904174805,44500.0,CBRL
1989-12-26,4.660866737365723,4.704836845397949,4.660866737365723,4.704836845397949,2.422614097595215,9000.0,CBSH
1989-12-26,8.75,8.84375,8.75,8.84375,1.6825437545776367,101600.0,CBT
1989-12-26,3.75,3.75,3.75,3.75,0.30599576234817505,0.0,CBU
1989-12-26,5.458333492279053,5.458333492279053,5.416666507720947,5.416666507720947,1.7829258441925049,158100.0,CCEP
1989-12-26,17.5,17.5,17.41666603088379,17.45833396911621,14.709333419799805,4200.0,CCK
1989-12-26,5.03125,5.0625,4.9375,4.9375,1.8165140151977541,269600.0,CCL
1989-12-26,0.0,222.5,213.75,216.25,202.38357543945312,2900.0,CDE
1989-12-26,0.0,4.5,4.472222328186035,4.472222328186035,4.472222328186035,497600.0,CDNS
1989-12-26,11.625,11.625,11.625,11.625,3.657304286956787,0.0,CDR
1989-12-26,375.0,375.0,375.0,375.0,375.0,0.0,CDZI
1989-12-26,0.78125,0.78125,0.78125,0.78125,0.6789605617523193,0.0,CECE
1989-12-26,0.0,0.203125,0.1953125,0.203125,0.2015906721353531,134400.0,CERN
1989-12-26,0.0,9.625,9.625,9.625,1.1991870403289795,1500.0,CET
1989-12-26,0.0,2.65625,2.59375,2.625,0.9655055403709412,177200.0,CFR
1989-12-26,0.59765625,0.6171875,0.578125,0.61328125,0.4996225833892822,659200.0,CGNX
1989-12-26,11.26972198486328,11.26972198486328,11.26972198486328,11.26972198486328,4.467731952667236,0.0,CHCO
1989-12-26,1.4791666269302368,1.4895833730697632,1.4583333730697632,1.4791666269302368,0.09273193031549454,226800.0,CHD
1989-12-26,17.5625,17.6875,17.5625,17.6875,3.6709723472595215,24000.0,CHE
1989-12-26,6.55555534362793,6.56944465637207,6.541666507720947,6.55555534362793,2.7055251598358154,237600.0,CI
1989-12-26,3.4099338054656982,3.4099338054656982,3.4099338054656982,3.4099338054656982,3.4099338054656982,0.0,CIA
1989-12-26,7.625,7.75,7.625,7.75,0.3020857870578766,10400.0,CIF
1989-12-26,8.0,8.0,7.875,8.0,0.4046522378921509,43300.0,CIK
1989-12-26,0.0,7.175793647766112,7.1300883293151855,7.1300883293151855,2.8348934650421143,267500.0,CINF
1989-12-26,3.84375,3.859375,3.828125,3.84375,0.25576141476631165,1630400.0,CL
1989-12-26,0.0,922.5,877.5,922.5,922.5,0.0,CLDX
1989-12-26,3.5,3.546875,3.5,3.546875,-0.007968317717313766,32800.0,CLF
1989-12-26,7.25,7.25,7.25,7.25,7.25,0.0,CLFD
1989-12-26,0.0,1.5858333110809326,1.555336594581604,1.5858333110809326,0.1898919641971588,25200.0,CLGX
1989-12-26,0.0,5.375,5.125,5.3125,5.3125,44800.0,CLH
1989-12-26,0.0,1.875,1.625,1.625,1.5004998445510864,10000.0,CLRO
1989-12-26,10.09375,10.25,10.09375,10.21875,1.9897536039352417,202400.0,CLX
1989-12-26,0.0,10.777777671813963,10.61111068725586,10.666666984558104,2.776993989944458,138900.0,CMA
1989-12-26,2.0390625,2.0390625,2.0390625,2.0390625,0.15434885025024414,12800.0,CMC
1989-12-26,87.5,87.5,87.5,87.5,64.56311798095703,0.0,CMCL
1989-12-26,1.7222222089767456,1.7361111640930176,1.6944444179534912,1.7361111640930176,1.2584940195083618,1856400.0,CMCSA
1989-12-26,0.0,0.6913580298423767,0.6913580298423767,0.6913580298423767,0.6570999026298523,16300.0,CMD
1989-12-26,6.203125,6.21875,6.203125,6.203125,0.6403438448905945,29600.0,CMI
1989-12-26,28.44444465637207,28.44444465637207,27.55555534362793,27.55555534362793,0.9352864623069764,14900.0,CMO
1989-12-26,37.5,38.0,37.5,38.0,14.544178009033205,43000.0,CMS
1989-12-26,6.75,6.75,6.5,6.625,3.779768705368042,12100.0,CMT
1989-12-26,0.0,0.92592591047287,0.5555555820465088,0.5555555820465088,0.3956016004085541,5500.0,CMTL
1989-12-26,9.5,9.625,9.5,9.625,1.1655540466308594,6300.0,CMU
1989-12-26,31.08333396911621,31.41666603088379,30.91666603088379,31.08333396911621,23.1138973236084,33900.0,CNA
1989-12-26,0.0,3.5,3.5,3.5,1.8857058286666868,1000.0,CNBKA
1989-12-26,0.0,1.3333333730697632,1.185185194015503,1.185185194015503,1.0365470647811892,6700.0,CNMD
1989-12-26,14.963250160217285,15.01593780517578,14.857874870300293,14.857874870300293,1.0287268161773682,1015600.0,CNP
1989-12-26,0.0,6.25,6.0625,6.1875,6.05808162689209,186400.0,COHR
1989-12-26,1.203125,1.21875,1.203125,1.21875,0.7203397750854492,8800.0,COHU
1989-12-26,0.0,22.75,22.5,22.75,12.036486625671387,14100.0,COKE
1989-12-26,4.6875,4.6875,4.125,4.125,3.993645191192627,258600.0,COO
1989-12-26,9.52895736694336,9.67189121246338,9.52895736694336,9.67189121246338,1.4957417249679563,1079300.0,COP
1989-12-26,11.4375,11.4375,11.25,11.375,8.294585227966309,130800.0,COST
1989-12-26,10.8125,10.9375,10.8125,10.9375,5.160975933074951,163200.0,CP
1989-12-26,13.3125,13.3125,13.25,13.25,4.561140537261963,386400.0,CPB
1989-12-26,0.0,115.0,112.5,115.0,90.74655151367188,2700.0,CPF
1989-12-26,0.0,9.0,8.333333015441895,8.666666984558105,1.2271500825881958,2700.0,CPK
1989-12-26,10.38888931274414,10.666666984558104,10.38888931274414,10.666666984558104,4.118741035461427,89500.0,CR
1989-12-26,128.0,128.0,128.0,128.0,2.314762115478516,1400.0,CRF
1989-12-26,3.9500000476837163,3.9500000476837163,3.9500000476837163,3.9500000476837163,0.001793965231627226,0.0,CRH
1989-12-26,0.0,35.0,31.25,31.25,29.55378532409668,3700.0,CRK
1989-12-26,0.0,0.9375,0.8333333134651184,0.8333333134651184,0.8333333134651184,100.0,CRMT
1989-12-26,11.90625,11.90625,11.90625,11.90625,1.5094021558761597,22800.0,CRS
1989-12-26,0.0,5.125,5.0,5.0625,5.0625,31400.0,CRUS
1989-12-26,4.09375,4.125,4.09375,4.109375,0.6473817229270935,7200.0,CSL
1989-12-26,0.0,4.320060253143311,4.320060253143311,4.320060253143311,2.6969704627990723,200.0,CSPI
1989-12-26,0.0,6.1875,6.1875,6.1875,2.5623724460601807,10000.0,CSWC
1989-12-26,2.9583332538604736,2.9895832538604736,2.9270832538604736,2.96875,1.3547345399856567,932400.0,CSX
1989-12-26,0.0,4.8611111640930185,4.8611111640930185,4.8611111640930185,3.5975356101989746,11400.0,CTAS
1989-12-26,8.1875,8.21875,8.09375,8.21875,4.2617578506469735,183200.0,CTB
1989-12-26,6.157897472381593,6.157897472381593,6.157897472381593,6.157897472381593,2.0004122257232666,0.0,CTBI
1989-12-26,4.6875,4.6875,4.5625,4.5625,3.83138918876648,15800.0,CTG
1989-12-26,9.851851463317873,10.074073791503906,9.851851463317873,10.074073791503906,2.8282711505889893,33000.0,CTL
1989-12-26,0.0,19.25,17.5,19.25,12.762170791625975,1600.0,CTO
1989-12-26,3.8541667461395264,3.8958332538604736,3.8541667461395264,3.8541667461395264,0.1541953831911087,16800.0,CTS
1989-12-26,3.777777671813965,3.777777671813965,3.75,3.75,1.161677598953247,22500.0,CUB
1989-12-26,4.5333333015441895,4.5333333015441895,4.5333333015441895,4.5333333015441895,3.504082679748535,0.0,CULP
1989-12-26,0.0,8.625,8.375,8.5625,8.5625,2600.0,CUO
1989-12-26,0.0,31.051517486572266,30.11056137084961,31.051517486572266,11.866554260253904,6400.0,CUZ
1989-12-26,0.0,3.0180418491363525,3.0180418491363525,3.0180418491363525,0.851231575012207,1700.0,CVBF
1989-12-26,0.0,1250.0,1250.0,1250.0,1249.82763671875,0.0,CVM
1989-12-26,0.0,10.8125,10.625,10.8125,2.3240926265716557,3400.0,CVR
1989-12-26,10.875,10.96875,10.75,10.90625,2.176053762435913,230800.0,CVS
1989-12-26,17.0,17.0,16.78125,16.78125,2.1690950393676762,635600.0,CVX
1989-12-26,7.296875,7.34375,7.296875,7.3125,0.4504448473453522,26400.0,CW
1989-12-26,0.0,7.125,7.0,7.0625,0.2858441770076752,11200.0,CWT
1989-12-26,9.5,9.5,9.375,9.5,1.1400760412216189,12800.0,CXE
1989-12-26,11.875,12.0,11.875,12.0,1.8591514825820925,53200.0,CXH
1989-12-26,1.148031234741211,1.148031234741211,1.134524941444397,1.148031234741211,0.8432574272155762,246100.0,CY
1989-12-26,2.4444444179534908,2.4444444179534908,2.4444444179534908,2.4444444179534908,2.4444444179534908,0.0,CYBE
1989-12-26,14.75,14.875,14.625,14.75,14.626548767089846,53600.0,CYH
1989-12-26,15.875,15.916666984558105,15.708333015441895,15.708333015441895,1.2352362871170044,171000.0,D
1989-12-26,0.0,3.75,3.625,3.625,3.625,31600.0,DAIO
1989-12-26,7.382716178894043,7.456789970397949,7.382716178894043,7.432098865509032,3.53200364112854,49500.0,DBD
1989-12-26,0.8802083134651184,0.8802083134651184,0.8802083134651184,0.8802083134651184,0.05104818940162659,24000.0,DCI
1989-12-26,2.5833332538604736,2.5833332538604736,2.5833332538604736,2.5833332538604736,2.4742560386657715,600.0,DCO
1989-12-26,33.565444946289055,33.74335479736328,33.506141662597656,33.565444946289055,8.39873218536377,493800.0,DD
1989-12-26,0.0,14.0,13.5,13.5,13.5,900.0,DDD
1989-12-26,23.5,23.5,23.20833396911621,23.20833396911621,19.19403076171875,53100.0,DDS
1989-12-26,9.833333015441896,10.020833015441896,9.833333015441896,9.979166984558104,1.2431408166885376,891600.0,DE
1989-12-26,2.689453125,2.689453125,2.689453125,2.689453125,1.099279761314392,0.0,DGICB
1989-12-26,0.0,3.2916667461395264,3.1666667461395264,3.2916667461395264,3.2916667461395264,10200.0,DGII
1989-12-26,0.6929965615272522,0.6989196538925171,0.6870735287666321,0.6989196538925171,0.3331153690814972,400900.0,DHR
1989-12-26,0.34567901492118835,0.34567901492118835,0.34567901492118835,0.34567901492118835,0.34567901492118835,0.0,DIOD
1989-12-26,9.412854194641113,9.453958511352539,9.330645561218262,9.351198196411133,5.422602653503418,2940000.0,DIS
1989-12-26,13.75,13.75,13.75,13.75,13.75,0.0,DJCO
1989-12-26,0.0,15.75,13.125,13.125,13.125,0.0,DLHC
1989-12-26,27.382875442504886,27.382875442504886,26.98312568664551,27.08306312561035,7.295811653137207,73200.0,DLX
1989-12-26,0.0,10.0,9.875,10.0,1.4158140420913696,18200.0,DMF
1989-12-26,8.75,8.875,8.625,8.75,0.8198258876800537,110900.0,DNP
1989-12-26,5.655956745147705,5.739748954772949,5.655956745147705,5.718801021575928,1.505787968635559,153200.0,DOV
1989-12-26,9.712499618530273,9.712499618530273,9.1875,9.712499618530273,1.3503230810165403,96800.0,DRE
1989-12-26,0.0,10.125,10.0,10.0,1.3681186437606812,47400.0,DSM
1989-12-26,25.125,25.25,25.0,25.125,4.826465606689453,126800.0,DTE
1989-12-26,24.29724311828613,24.460678100585934,24.29724311828613,24.40620040893555,6.948326110839844,465500.0,DUK
1989-12-26,0.0,6.6875,6.6875,6.6875,4.956160068511963,5600.0,DVN
1989-12-26,19.5,19.5,17.25,18.0,8.756732940673826,11800.0,DX
1989-12-26,4.740429878234863,4.7507805824279785,4.740429878234863,4.740429878234863,2.62185001373291,114600.0,DXC
1989-12-26,0.0,1.8888888359069824,1.8888888359069824,1.8888888359069824,1.8888888359069824,1300.0,DXLG
1989-12-26,0.0,3.25,2.875,3.125,2.0020551681518555,14700.0,DXR
1989-12-26,0.0,15.75,15.25,15.5,13.131551742553713,12100.0,DXYN
1989-12-26,0.0,5.037036895751953,4.8888888359069815,4.8888888359069815,4.8888888359069815,1500.0,DY
1989-12-26,0.0,5.3125,5.0,5.0,5.0,200.0,DYNT
1989-12-26,0.0,0.5546875,0.5546875,0.5546875,0.5546875,51200.0,EA
1989-12-26,2.7873799800872803,2.798353910446167,2.765432119369507,2.798353910446167,1.8783234357833865,57600.0,EAT
1989-12-26,16.33333396911621,16.5,16.25,16.5,4.121788501739502,9000.0,EBF
1989-12-26,0.0,30.0,28.88888931274414,30.0,27.95503807067871,1800.0,EBIX
1989-12-26,0.0,7.375,7.25,7.25,0.7629144191741943,3500.0,ECF
1989-12-26,3.421875,3.421875,3.390625,3.390625,0.8340181708335876,32000.0,ECL
1989-12-26,0.0,4.166666507720946,3.8333332538604736,4.166666507720946,2.6754686832427983,9100.0,ECOL
1989-12-26,29.25,29.625,29.25,29.375,5.796847343444824,179200.0,ED
1989-12-26,0.28125,0.28125,0.28125,0.28125,0.04745340347290039,0.0,EDUC
1989-12-26,8.375009536743164,8.499990463256836,8.375009536743164,8.499990463256836,6.613239288330077,88200.0,EE
1989-12-26,14.375,14.875,14.125,14.875,3.0351927280426025,695400.0,EEA
1989-12-26,7.75,7.8125,7.6875,7.8125,2.343590497970581,88200.0,EFX
1989-12-26,0.0,14.25,14.25,14.25,1.3286086320877075,1500.0,EGP
1989-12-26,14.166666984558105,14.270833015441895,14.166666984558105,14.166666984558105,12.272453308105467,11300.0,EHC
1989-12-26,20.375,20.4375,20.25,20.3125,4.926284790039063,338000.0,EIX
1989-12-26,1.75,1.75,1.75,1.75,0.6522807478904724,0.0,ELSE
1989-12-26,0.0,13.25,13.0,13.25,1.0320942401885986,12300.0,EMF
1989-12-26,0.0,5.259259223937988,4.962963104248047,4.962963104248047,1.2796807289123535,18100.0,EML
1989-12-26,9.75,9.75,9.5625,9.5625,1.7701600790023804,487600.0,EMR
1989-12-26,2.8832979202270512,2.8832979202270512,2.8832979202270512,2.8832979202270512,0.002866789465770125,0.0,ENB
1989-12-26,2.6650550365448,2.6650550365448,2.5762197971343994,2.6650550365448,2.6650550365448,11100.0,ENZ
1989-12-26,3.109375,3.109375,3.078125,3.078125,1.5467259883880615,97600.0,EOG
1989-12-26,37.5,37.5,37.0,37.5,11.994077682495115,1000.0,EQC
1989-12-26,3.62910532951355,3.62910532951355,3.5837416648864746,3.6064236164093018,0.08167898654937744,77800.0,EQT
1989-12-26,4.33203125,4.3359375,4.33203125,4.3359375,2.569688081741333,112000.0,ERIC
1989-12-26,22.25,22.375,22.0,22.375,6.478047847747803,499200.0,ES
1989-12-26,2.643228530883789,2.643228530883789,2.643228530883789,2.643228530883789,0.798645555973053,0.0,ESBK
1989-12-26,0.0,1.25,1.25,1.25,0.719730794429779,38400.0,ESCA
1989-12-26,9.5625,9.5625,9.5625,9.5625,1.8059943914413448,0.0,ESP
1989-12-26,6.006111145019531,6.18236255645752,6.006111145019531,6.18236255645752,0.16859620809555054,422800.0,ETN
1989-12-26,22.5,22.625,22.5,22.5,5.620877265930176,30600.0,ETR
1989-12-26,0.0,0.84765625,0.84375,0.84765625,0.008058531209826471,28800.0,EV
1989-12-26,24.375,24.625,24.375,24.5,4.7122802734375,7300.0,EVRG
1989-12-26,11.75,11.75,11.5625,11.5625,2.8196475505828857,337000.0,EXC
1989-12-26,0.0,0.8359375,0.82421875,0.82421875,0.6141250729560852,35200.0,EXPD
1989-12-26,7.82366943359375,7.892098426818848,7.800859928131103,7.8464789390563965,0.2923564314842224,2156700.0,F
1989-12-26,0.0,9.25,9.25,9.25,5.768807888031006,2000.0,FARM
1989-12-26,0.22265625,0.22265625,0.22265625,0.22265625,0.15500573813915253,0.0,FAST
1989-12-26,8.9375,8.9375,8.75,8.9375,0.6048676371574402,60100.0,FAX
1989-12-26,0.0,3.0,2.9166667461395264,2.9166667461395264,1.2275691032409668,1300.0,FBNC
1989-12-26,7.407407283782959,7.407407283782959,7.407407283782959,7.407407283782959,6.1486754417419425,0.0,FBP
1989-12-26,0.0,26.0,26.0,26.0,19.530492782592773,200.0,FCNCA
1989-12-26,11.1875,11.21875,11.125,11.15625,9.931492805480957,100800.0,FDX
1989-12-26,6.0,6.0,6.0,6.0,4.813416481018066,8500.0,FEIM
1989-12-26,1.046875,1.046875,1.046875,1.046875,0.7749598026275635,0.0,FELE
1989-12-26,0.0,9.464614868164062,9.074321746826172,9.074321746826172,2.637486696243286,7500.0,FFBC
1989-12-26,0.0,3.91998028755188,3.880183696746826,3.900081872940064,0.5987571477890015,86600.0,FHN
1989-12-26,0.9444444179534912,0.9444444179534912,0.9444444179534912,0.9444444179534912,0.8449961543083191,0.0,FICO
1989-12-26,0.4855967164039612,0.4855967164039612,0.4855967164039612,0.4855967164039612,0.4855967164039612,0.0,FISV
1989-12-26,0.0,4.8285322189331055,4.609053611755371,4.806584358215332,2.2192399501800537,273300.0,FITB
1989-12-26,31.5,32.0,31.4375,31.875,16.25473976135254,146200.0,FL
1989-12-26,1.4485596418380735,1.4485596418380735,1.4485596418380735,1.4485596418380735,0.6088454127311707,0.0,FLIC
1989-12-26,0.7169638872146606,0.7315958142280579,0.7169638872146606,0.7169638872146606,0.19793479144573206,478000.0,FLO
1989-12-26,3.625,3.75,3.5,3.625,3.625,20300.0,FLOW
1989-12-26,0.0,3.5833332538604736,3.527777671813965,3.527777671813965,1.2197215557098389,11700.0,FLS
1989-12-26,0.0,12.125,12.0,12.0,4.272735595703125,800.0,FLXS
1989-12-26,0.0,9.813333511352539,9.706666946411133,9.813333511352539,4.688017845153809,800.0,FMBI
1989-12-26,7.6431050300598145,7.6431050300598145,7.480485916137695,7.5346922874450675,3.0146706104278564,139200.0,FMC
1989-12-26,0.0,9.208699226379396,8.624019622802733,8.624019622802733,1.3136531114578247,700.0,FNB
1989-12-26,11.722222328186035,11.722222328186035,11.38888931274414,11.44444465637207,6.864911079406737,112900.0,FOE
1989-12-26,13.28125,13.28125,13.28125,13.28125,13.27238655090332,0.0,FONR
1989-12-26,2.7273106575012207,2.7273106575012207,2.7273106575012207,2.7273106575012207,2.396728038787842,0.0,FRBK
1989-12-26,0.0,1.9184789657592771,1.9184789657592771,1.9184789657592771,0.4956259429454804,6600.0,FRD
1989-12-26,6.014869213104247,6.014869213104247,6.014869213104247,6.014869213104247,2.3095362186431885,0.0,FRME
1989-12-26,4.75,4.75,4.75,4.75,3.9627072811126713,0.0,FRPH
1989-12-26,22.25,22.25,21.875,22.0,4.405664920806885,1700.0,FRT
1989-12-26,6.638888835906982,6.638888835906982,6.638888835906982,6.638888835906982,3.3881356716156006,3700.0,FSS
1989-12-26,0.0,4.375,4.125,4.125,4.0083584785461435,4200.0,FSTR
1989-12-26,8.0,8.375,8.0,8.25,0.6470242142677307,31400.0,FT
1989-12-26,0.0,112.195556640625,111.49433135986328,111.49433135986328,25.589189529418945,900.0,FTR
1989-12-26,0.0,3.7083332538604736,3.5833332538604736,3.6666667461395264,1.0815212726593018,188800.0,FUL
1989-12-26,0.0,6.166674613952638,6.034058094024657,6.1003665924072275,2.168762683868408,97400.0,FULT
1989-12-26,6.875,6.9375,6.875,6.875,0.4915114343166351,5600.0,FUN
1989-12-26,0.0,5.25,4.875,4.875,0.7365379929542542,500.0,FUND
1989-12-26,11.655757904052734,11.867680549621582,11.549796104431152,11.549796104431152,0.5190597176551819,178800.0,GAB
1989-12-26,17.5,17.75,17.5,17.625,1.9128397703170776,3400.0,GAM
1989-12-26,16.875,16.875,16.8125,16.8125,4.390855789184569,143200.0,GATX
1989-12-26,1.0253738164901731,1.0253738164901731,1.0253738164901731,1.0253738164901731,0.24588173627853396,0.0,GBCI
1989-12-26,20.4375,20.75,20.375,20.5625,5.311282157897949,188200.0,GCI
1989-12-26,7.5,7.625,7.375,7.375,7.375,19600.0,GCO
1989-12-26,5.796875,5.796875,5.703125,5.703125,0.4505547881126404,285600.0,GD
1989-12-26,5.098156929016113,5.10817289352417,5.068109035491943,5.078125,0.2855157256126404,4625000.0,GE
1989-12-26,1.590909123420715,1.590909123420715,1.4772727489471436,1.590909123420715,1.3630738258361816,12300.0,GFF
1989-12-26,0.0,12.27390193939209,12.16623592376709,12.16623592376709,5.434676647186278,49300.0,GFI
1989-12-26,0.5230910181999207,0.5304069519042969,0.5230910181999207,0.5304069519042969,0.0007041390636004508,42300.0,GGG
1989-12-26,0.0,165.10574340820312,164.27491760253906,164.27491760253906,84.5119400024414,7400.0,GHC
1989-12-26,0.0,2.900000095367432,2.700000047683716,2.866666555404663,1.2824440002441406,53000.0,GHM
1989-12-26,0.0,4.541666507720947,4.458333492279053,4.541666507720947,4.541666507720947,54800.0,GIII
1989-12-26,8.375,8.5,8.375,8.5,0.6836280226707458,135600.0,GIM
1989-12-26,7.438499927520753,7.451414108276367,7.399757862091064,7.399757862091064,0.5966626405715942,456800.0,GIS
1989-12-26,7.851851940155028,7.851851940155028,7.777777671813965,7.814815044403076,1.6966887712478638,224100.0,GL
1989-12-26,21.3125,21.375,21.25,21.375,7.221442699432372,4800.0,GLT
1989-12-26,6.833333492279053,6.979166507720947,6.833333492279053,6.916666507720947,2.186868667602539,245400.0,GLW
1989-12-26,0.0,0.42578125,0.41796875,0.42578125,0.2942991256713867,972800.0,GNTX
1989-12-26,8.25,8.25,8.15625,8.15625,2.9302165508270264,110800.0,GOLD
1989-12-26,18.16666603088379,18.16666603088379,18.05555534362793,18.11111068725586,5.931750297546388,112000.0,GPC
1989-12-26,1.8009259700775146,1.8333333730697632,1.787037014961243,1.8101851940155032,0.521293580532074,1536300.0,GPS
1989-12-26,0.0,29.0,27.5,29.0,28.668479919433594,4500.0,GPX
1989-12-26,30.75,31.375,30.75,31.0,5.950408458709718,366400.0,GRA
1989-12-26,0.0,3.14936900138855,3.14936900138855,3.14936900138855,0.4894492328166962,1000.0,GRC
1989-12-26,0.9375,0.9375,0.9375,0.9375,0.6733973026275635,0.0,GROW
1989-12-26,0.0,0.7291666865348816,0.7291666865348816,0.7291666865348816,0.273967444896698,31200.0,GSBC
1989-12-26,12.75,12.875,12.6875,12.75,3.3828520774841313,126800.0,GSK
1989-12-26,22.0,22.1875,21.9375,22.0625,13.43326473236084,147000.0,GT
1989-12-26,12.78169059753418,12.871702194213867,12.691679000854492,12.691679000854492,2.572683334350586,8500.0,GTY
1989-12-26,0.0,0.5,0.4375,0.4375,0.4375,29600.0,GV
1989-12-26,15.65625,15.8125,15.625,15.78125,8.101936340332031,18000.0,GWW
1989-12-26,10.125731468200684,10.125731468200684,10.036386489868164,10.036386489868164,2.55614972114563,520800.0,HAL
1989-12-26,0.0,8.25,7.5,7.5,7.5,100.0,HALL
1989-12-26,5.370370388031006,5.44444465637207,5.333333492279053,5.370370388031006,3.08660888671875,194400.0,HAS
1989-12-26,0.0,7.586529731750487,7.360740184783935,7.496213912963867,2.3732266426086426,161800.0,HBAN
1989-12-26,0.0,1.6241426467895508,1.6021947860717771,1.6021947860717771,1.03809916973114,230800.0,HCSG
1989-12-26,1.7345678806304932,1.7469135522842407,1.709876537322998,1.7222222089767456,1.0014169216156006,1560600.0,HD
1989-12-26,19.375,19.4375,19.25,19.375,1.364245057106018,22000.0,HE
1989-12-26,0.0,0.2869788110256195,0.2750213742256165,0.2790071964263916,0.005771111696958542,438500.0,HEI
1989-12-26,0.0,3.2291667461395264,3.0208332538604736,3.2083332538604736,3.2083332538604736,452800.0,HELE
1989-12-26,16.58333396911621,16.75,16.58333396911621,16.70833396911621,7.221252918243407,531000.0,HES
1989-12-26,0.0,1.6171875,1.609375,1.609375,0.0044021629728376865,24000.0,HFC
1989-12-26,0.0,3.0833332538604736,3.0833332538604736,3.0833332538604736,1.5733777284622192,700.0,HIFS
1989-12-26,14.375,14.375,14.125,14.25,13.598793029785154,102700.0,HL
1989-12-26,6.40625,6.4375,6.40625,6.40625,3.0349516868591313,150800.0,HMC
1989-12-26,2.5,2.5,2.5,2.5,2.5,0.0,HNGR
1989-12-26,0.0,9.25,9.25,9.25,3.934627294540405,1200.0,HNI
1989-12-26,1.2109375,1.234375,1.2109375,1.234375,0.7145816683769226,310400.0,HOG
1989-12-26,8.341983795166017,8.371776580810549,8.282397270202638,8.341983795166017,2.4291837215423584,369900.0,HON
1989-12-26,0.0,100.0,93.75,98.4375,98.4375,700.0,HOV
1989-12-26,8.5,8.5,8.4375,8.46875,2.1837427616119385,119600.0,HP
1989-12-26,2.589975118637085,2.611262559890747,2.5828793048858643,2.6041667461395264,0.2698188424110413,3877200.0,HPQ
1989-12-26,9.25,9.375,9.25,9.375,0.750080943107605,2200.0,HQH
1989-12-26,4.34375,4.375,4.3125,4.328125,0.42196986079216,175200.0,HRB
1989-12-26,11.603975296020508,11.603975296020508,11.53689956665039,11.53689956665039,5.15687894821167,3700.0,HRC
1989-12-26,0.0,2.109375,2.09375,2.09375,0.12927033007144928,336000.0,HRL
1989-12-26,440.0,450.0,430.0,450.0,450.0,100.0,HRTX
1989-12-26,6.5625,6.65625,6.5,6.59375,2.8310463428497314,109200.0,HSC
1989-12-26,28.784141540527344,29.11123275756836,28.784141540527344,28.893171310424805,2.0086824893951416,179900.0,HST
1989-12-26,8.875,8.875,8.78125,8.8125,2.130146026611328,50400.0,HSY
1989-12-26,0.0,0.7594186067581177,0.7594186067581177,0.7594186067581177,0.5463066697120667,22100.0,HTLD
1989-12-26,18.253711700439453,18.510805130004886,18.253711700439453,18.30513000488281,5.760171890258789,18600.0,HUBB
1989-12-26,27.0,27.16666603088379,26.83333396911621,27.16666603088379,6.820000171661378,76600.0,HUM
1989-12-26,18.25,18.75,18.0,18.25,16.01650619506836,31300.0,HURC
1989-12-26,3.5,3.5,3.5,3.5,1.4278868436813354,0.0,HVT
1989-12-26,4.75,4.75,4.75,4.75,2.4162256717681885,0.0,HWKN
1989-12-26,18.875,19.0,18.75,18.75,15.98170566558838,14100.0,HXL
1989-12-26,30.625,30.625,30.0,30.625,1.0649905204772951,11500.0,HYB
1989-12-26,8.0,8.25,8.0,8.125,0.6088478565216064,27400.0,IAF
1989-12-26,23.78125,23.875,23.5625,23.625,6.001830101013184,2728800.0,IBM
1989-12-26,0.0,48.75,46.875,46.875,46.875,2700.0,ICAD
1989-12-26,0.0,9.375,6.25,6.25,6.25,1500.0,ICCC
1989-12-26,29.25,29.5,29.25,29.375,7.010558128356934,3000.0,IDA
1989-12-26,0.0,6.125,5.75,5.875,4.924067497253418,66100.0,IDCC
1989-12-26,10.332447052001953,10.332447052001953,10.089330673217773,10.332447052001953,2.6301634311676025,19900.0,IEP
1989-12-26,3.0864198207855225,3.0864198207855225,3.0864198207855225,3.0864198207855225,1.5644501447677612,900.0,IEX
1989-12-26,22.66666603088379,22.75,22.33333396911621,22.33333396911621,10.273907661437988,36600.0,IFF
1989-12-26,0.0,2.6475694179534908,2.4739582538604736,2.4739582538604736,1.9685512781143188,1000.0,IHC
1989-12-26,14.5,14.5,14.5,14.5,5.678346157073975,0.0,IHT
1989-12-26,5.541666507720947,5.583333492279053,5.541666507720947,5.583333492279053,4.15852689743042,900.0,IIN
1989-12-26,0.0,0.46875,0.4609375,0.46875,0.46875,104000.0,IIVI
1989-12-26,0.0,7.75,7.75,7.75,7.75,700.0,IMGN
1989-12-26,0.0,9.375,9.25,9.25,2.642807006835937,8400.0,IMKTA
1989-12-26,0.0,3.875,3.5,3.875,3.875,26400.0,IMMU
1989-12-26,6.041666507720947,6.097222328186035,6.041666507720947,6.06944465637207,0.15451326966285706,23400.0,IMO
1989-12-26,0.0,8.75,8.25,8.75,4.511658668518066,9400.0,INDB
1989-12-26,0.0,2.25,2.0,2.25,1.9009660482406616,39200.0,INS
1989-12-26,21.625,21.75,21.625,21.625,2.7133092880249023,1200.0,INSI
1989-12-26,0.0,1.8055555820465088,1.7916666269302368,1.8055555820465088,0.6762299537658691,14800.0,INT
1989-12-26,1.0390625,1.046875,1.015625,1.01953125,0.6412767171859741,9312000.0,INTC
1989-12-26,4.592592716217041,4.592592716217041,4.592592716217041,4.592592716217041,4.592592716217041,0.0,INTG
1989-12-26,0.0,4.166666507720946,4.083333492279054,4.083333492279054,2.0269875526428223,1800.0,IOR
1989-12-26,27.42850112915039,27.613412857055664,27.24358940124512,27.55177497863769,9.573307037353516,504900.0,IP
1989-12-26,0.4629629552364349,0.4629629552364349,0.4629629552364349,0.4629629552364349,0.353365421295166,0.0,IPAR
1989-12-26,5.416666507720947,5.416666507720947,5.395833492279053,5.395833492279053,2.1866590976715092,81000.0,IPG
1989-12-26,6.273295879364014,6.356496334075928,6.206736087799072,6.356496334075928,1.377311110496521,246300.0,IR
1989-12-26,6.25,6.25,6.25,6.25,4.480681896209717,0.0,ITIC
1989-12-26,5.28125,5.28125,5.265625,5.28125,1.671539306640625,16800.0,ITW
1989-12-26,0.0,2.78125,2.78125,2.78125,2.590117216110229,18800.0,IVC
1989-12-26,1.640625,1.640625,1.625,1.640625,1.591462254524231,41600.0,J
1989-12-26,0.0,3.1666667461395264,3.125,3.125,2.2746973037719727,23200.0,JBHT
1989-12-26,13.110687255859375,13.208285331726074,13.110687255859375,13.175752639770508,1.9029783010482788,131700.0,JCI
1989-12-26,35.4375,35.5625,35.25,35.375,16.30948257446289,200800.0,JCP
1989-12-26,4.75,4.75,4.75,4.75,1.517659306526184,0.0,JCS
1989-12-26,1.6334863901138306,1.6334863901138306,1.6334863901138306,1.6334863901138306,0.458198994398117,9100.0,JEF
1989-12-26,20.625,20.75,20.625,20.75,1.72594952583313,2200.0,JHI
1989-12-26,15.625,15.625,15.5,15.5,1.6474629640579224,3100.0,JHS
1989-12-26,0.0,6.0,5.875,6.0,5.030783653259277,584200.0,JJSF
1989-12-26,0.0,0.0972222238779068,0.0972222238779068,0.0972222238779068,0.04191743582487106,7600.0,JKHY
1989-12-26,10.5,10.5,10.375,10.375,0.9175397753715516,5300.0,JMM
1989-12-26,7.140625,7.1875,7.109375,7.125,1.8574571609497068,1801600.0,JNJ
1989-12-26,8.229781150817871,8.229781150817871,8.229781150817871,8.229781150817871,6.501768112182617,0.0,JOB
1989-12-26,0.0,21.5,21.0,21.0,19.29133415222168,3700.0,JOUT
1989-12-26,9.791666984558104,9.916666984558104,9.708333015441896,9.875,1.715177059173584,893700.0,JPM
1989-12-26,8.9375,9.0,8.8125,8.875,3.194756507873535,518800.0,JWN
1989-12-26,16.96875,17.0,16.90625,16.90625,5.309107780456543,273600.0,K
1989-12-26,0.0,9.375,9.0,9.125,3.662851095199585,70900.0,KAMN
1989-12-26,0.0,8.099141120910645,8.099141120910645,8.099141120910645,3.0443434715271,11500.0,KBAL
1989-12-26,6.5,6.625,6.4375,6.5,3.045770168304444,10600.0,KBH
1989-12-26,0.0,29.60000038146973,29.60000038146973,29.60000038146973,16.62417221069336,3700.0,KELYA
1989-12-26,7.25,7.25,7.25,7.25,3.4615323543548584,0.0,KEQU
1989-12-26,0.0,4.3125,4.25,4.3125,4.3125,82800.0,KEX
1989-12-26,7.088520050048827,7.1576762199401855,7.05394172668457,7.123098373413086,0.97089946269989,49800.0,KEY
1989-12-26,320.0,321.25,320.0,320.0,12.625182151794435,1900.0,KF
1989-12-26,7.875,7.875,7.875,7.875,7.512806415557861,0.0,KGC
1989-12-26,0.0,2.25,2.09375,2.21875,1.2479921579360962,306000.0,KLAC
1989-12-26,0.0,1.6875,1.625,1.65625,1.5872316360473633,98800.0,KLIC
1989-12-26,17.287872314453125,17.287872314453125,17.138063430786133,17.257909774780273,4.423840045928955,373800.0,KMB
1989-12-26,7.46875,7.5,7.4375,7.46875,1.7858587503433228,60000.0,KMT
1989-12-26,4.7421875,4.765625,4.703125,4.71875,1.0217630863189695,4049600.0,KO
1989-12-26,0.0,1.15625,1.15625,1.15625,0.664837658405304,400.0,KOSS
1989-12-26,1.765625,1.765625,1.75,1.765625,1.2158623933792114,325600.0,KR
1989-12-26,11.5,11.625,11.5,11.5,1.5205509662628174,7200.0,KSM
1989-12-26,7.4375,7.4375,7.333333492279053,7.354166507720947,2.2049880027771,19200.0,KSU
1989-12-26,0.0,5.375,5.125,5.25,5.25,6000.0,KTCC
1989-12-26,11.5,11.625,11.5,11.625,1.6282063722610474,15500.0,KTF
1989-12-26,0.0,13.333333015441895,12.916666984558105,12.916666984558105,4.763108730316162,1600.0,KWR
1989-12-26,10.010416984558104,10.09375,9.979166984558104,10.083333015441896,2.509354829788208,933600.0,L
1989-12-26,0.0,2.3905470371246342,2.219793796539306,2.3905470371246342,2.3905470371246342,33500.0,LAKE
1989-12-26,0.0,6.25,6.1875,6.25,2.75346040725708,120000.0,LANC
1989-12-26,0.0,22.25,22.125,22.25,13.680723190307615,32000.0,LAWS
1989-12-26,8.168693542480469,8.291531562805176,8.168693542480469,8.199402809143066,2.0722398757934566,549400.0,LB
1989-12-26,0.4375,0.5,0.4375,0.4375,0.3233324885368347,36800.0,LCII
1989-12-26,0.0,5.166666507720947,5.083333492279053,5.166666507720947,5.166666507720947,8400.0,LDL
1989-12-26,15.4375,15.4375,15.4375,15.4375,9.024429321289062,4000.0,LEE
1989-12-26,3.59375,3.625,3.59375,3.609375,0.7622696757316589,73600.0,LEG
1989-12-26,3.175188541412353,3.216158628463745,3.175188541412353,3.216158628463745,0.7423025965690613,23100.0,LEN
1989-12-26,10.75,10.75,10.625,10.625,1.4383372068405151,10400.0,LEO
1989-12-26,0.0,15.920170783996582,15.920170783996582,15.920170783996582,6.404664993286133,300.0,LGL
1989-12-26,7.676499843597412,7.735549926757812,7.646975040435791,7.735549926757812,1.4584207534790041,267100.0,LHX
1989-12-26,16.46875,16.53125,16.40625,16.5,3.416619300842285,714400.0,LLY
1989-12-26,2.5999999046325684,2.5999999046325684,2.549999952316284,2.549999952316284,1.0074445009231567,26700.0,LM
1989-12-26,12.269938468933105,12.346625328063965,12.00153350830078,12.00153350830078,4.826948165893555,91800.0,LMT
1989-12-26,14.15625,14.34375,14.15625,14.34375,2.6797935962677,38000.0,LNC
1989-12-26,0.0,3.0946502685546875,3.0288066864013667,3.061728477478028,2.446716785430908,153100.0,LNN
1989-12-26,11.6875,11.8125,11.625,11.8125,2.450847625732422,10000.0,LNT
1989-12-26,0.9140625,0.91796875,0.9140625,0.9140625,0.09063585847616196,1228800.0,LOW
1989-12-26,13.833333015441895,13.916666984558105,13.833333015441895,13.833333015441895,7.815939903259277,21800.0,LPX
1989-12-26,0.0,1.1944444179534912,1.1388888359069824,1.1944444179534912,1.0834319591522217,227700.0,LRCX
1989-12-26,0.0,1.0416666269302368,0.9791666865348816,1.0208333730697632,1.0208333730697632,235200.0,LSCC
1989-12-26,17.83333396911621,17.83333396911621,17.0,17.08333396911621,11.334620475769045,8500.0,LUB
1989-12-26,1.0534979104995728,1.058984875679016,1.0425239801406858,1.058984875679016,0.8170108795166016,848700.0,LUV
1989-12-26,0.0,0.78125,0.75,0.75,0.7413255572319031,2000.0,LWAY
1989-12-26,1.75,1.75,1.625,1.75,1.6504902839660645,2700.0,LXU
1989-12-26,0.0,4.8888888359069815,4.844444274902344,4.844444274902344,2.320134162902832,7500.0,LYTS
1989-12-26,5.833333492279053,5.833333492279053,5.833333492279053,5.833333492279053,2.1152031421661377,16800.0,LZB
1989-12-26,13.5,14.125,13.5,13.875,10.188467979431152,239500.0,MAN
1989-12-26,10.654657363891602,10.70957851409912,10.599736213684082,10.654657363891602,3.769927978515625,590100.0,MAS
1989-12-26,5.051733493804932,5.1882667541503915,5.051733493804932,5.119999885559082,2.504676818847656,96800.0,MAT
1989-12-26,17.621625900268555,17.621625900268555,17.261999130249027,17.621625900268555,3.08359956741333,44200.0,MATX
1989-12-26,29.0,29.0,29.0,29.0,29.0,0.0,MAYS
1989-12-26,10.291666984558104,10.375,10.291666984558104,10.375,7.502401351928711,1200.0,MBI
1989-12-26,8.3125,8.4375,8.3125,8.34375,3.966462373733521,1145600.0,MCD
1989-12-26,6.09375,6.1875,6.09375,6.15625,0.4439066350460053,14000.0,MCI
1989-12-26,0.0,10.625,10.375,10.5,0.8131682276725769,101800.0,MCR
1989-12-26,0.0,5.259259223937988,5.259259223937988,5.259259223937988,1.664621114730835,13500.0,MCS
1989-12-26,0.0,3.78125,3.71875,3.78125,0.861428439617157,2400.0,MCY
1989-12-26,0.4864768087863922,0.5472864508628845,0.4864768087863922,0.5472864508628845,0.25862669944763184,27300.0,MDC
1989-12-26,9.0,9.0,8.625,8.625,2.859919309616089,118400.0,MDP
1989-12-26,1.984375,2.03125,1.984375,2.0234375,0.5427021980285645,624000.0,MDT
1989-12-26,4.4938273429870605,4.518518447875977,4.4938273429870605,4.4938273429870605,0.19215209782123568,55500.0,MDU
1989-12-26,0.0,0.6548500061035156,0.6080750226974487,0.6548500061035156,0.2853502631187439,302200.0,MEI
1989-12-26,10.625,10.75,10.625,10.625,1.441357135772705,33000.0,MEN
1989-12-26,0.0,8.659381866455076,8.659381866455076,8.659381866455076,6.8270344734191895,400.0,MERC
1989-12-26,9.875,9.875,9.75,9.75,1.288947343826294,7400.0,MFM
1989-12-26,0.0,14.625,14.5,14.5,0.5203315019607544,6900.0,MFV
1989-12-26,0.0,1.84375,1.78125,1.78125,0.2738276720046997,6400.0,MGA
1989-12-26,0.0,10.592592239379883,10.44444465637207,10.44444465637207,2.63657021522522,6900.0,MGEE
1989-12-26,9.75,9.875,9.625,9.625,0.944275200366974,174000.0,MGF
1989-12-26,0.0,3.90625,3.84375,3.90625,3.611769199371338,72000.0,MGM
1989-12-26,0.0,8.5,8.416666984558105,8.416666984558105,5.784228801727295,61800.0,MGPI
1989-12-26,0.0,2.125,2.125,2.125,0.7765635251998901,16000.0,MGRC
1989-12-26,9.5,9.5,9.25,9.375,1.4788738489151,19800.0,MHF
1989-12-26,0.0,0.9791666865348816,0.9583333134651184,0.9791666865348816,0.9154142737388612,43200.0,MIDD
1989-12-26,8.25,8.25,8.125,8.25,0.6749686598777771,534000.0,MIN
1989-12-26,0.0,2.0,1.9375,1.9375,1.9375,6000.0,MITK
1989-12-26,0.0,6.46875,6.40625,6.40625,2.4327013492584233,104800.0,MKC
1989-12-26,22.0,22.0,22.0,22.0,22.0,0.0,MKL
1989-12-26,0.5625,0.5625,0.5625,0.5625,0.4339009821414948,0.0,MLAB
1989-12-26,0.0,4.8125,4.71875,4.8125,2.912116050720215,169600.0,MLHR
1989-12-26,13.166666984558105,13.166666984558105,13.0,13.020833015441895,1.194788694381714,257400.0,MMC
1989-12-26,19.84375,19.875,19.6875,19.8125,4.32698917388916,659600.0,MMM
1989-12-26,8.625,8.75,8.625,8.75,0.6463685631752014,121700.0,MMT
1989-12-26,0.0,6.375,6.25,6.25,0.6086415648460388,1500.0,MNR
1989-12-26,0.0,0.0520833320915699,0.0390625,0.0390625,0.0319579541683197,0.0,MNST
1989-12-26,13.416666984558105,13.5,13.333333015441895,13.333333015441895,0.3751692771911621,2359800.0,MO
1989-12-26,0.0,9.375,9.25,9.25,5.209177017211914,7200.0,MOD
1989-12-26,16.125,16.25,16.125,16.125,11.013710975646973,54000.0,MOS
1989-12-26,8.25,8.25,8.125,8.25,0.559973418712616,17300.0,MPV
1989-12-26,12.729166984558105,12.770833015441895,12.604166984558105,12.625,3.827480554580689,1479600.0,MRK
1989-12-26,8.854296684265137,8.91643238067627,8.792160987854004,8.854296684265137,0.8679816722869873,1384700.0,MRO
1989-12-26,0.3160493969917297,0.3160493969917297,0.3160493969917297,0.3160493969917297,0.2795111835002899,0.0,MRTN
1989-12-26,0.0,6.333333492279053,6.19444465637207,6.19444465637207,0.4479377567768097,5400.0,MSA
1989-12-26,3.5,3.625,3.5,3.5,0.24137598276138306,10900.0,MSB
1989-12-26,0.0,6.375,6.375,6.375,1.662875413894653,400.0,MSEX
1989-12-26,0.5963541865348816,0.5998263955116272,0.5885416865348816,0.59375,0.3809530436992645,23817600.0,MSFT
1989-12-26,17.487180709838867,17.487180709838867,17.261053085327152,17.298742294311527,12.023653030395508,190600.0,MSI
1989-12-26,0.0,6.2249999046325675,6.2249999046325675,6.2249999046325675,0.9145203828811646,2000.0,MTB
1989-12-26,2.53125,2.53125,2.34375,2.34375,1.3140498399734497,47200.0,MTH
1989-12-26,43.5,43.5,43.5,43.5,3.301133394241333,100.0,MTR
1989-12-26,21.625,21.875,21.625,21.75,15.197470664978027,9600.0,MTRN
1989-12-26,0.0,5.75,5.5,5.75,2.937957763671875,42400.0,MTSC
1989-12-26,0.0,7.277777671813965,7.166666507720947,7.277777671813965,7.277777671813965,26700.0,MTZ
1989-12-26,1.0125000476837158,1.037500023841858,1.0,1.024999976158142,1.0051792860031128,1444000.0,MU
1989-12-26,8.905440330505371,8.959412574768066,8.905440330505371,8.959412574768066,0.8576570153236389,37900.0,MUR
1989-12-26,1.555999994277954,1.555999994277954,1.5,1.555999994277954,1.5202842950820925,34000.0,MUX
1989-12-26,0.0,9.5,9.25,9.25,1.1984834671020508,59700.0,MVF
1989-12-26,10.192471504211426,10.310989379882812,10.073954582214355,10.310989379882812,1.2217793464660645,25600.0,MXF
1989-12-26,0.0,0.515625,0.5,0.5,0.2983443140983581,64000.0,MXIM
1989-12-26,3.60991883277893,3.60991883277893,3.5556344985961914,3.60991883277893,1.718803882598877,1900.0,MYE
1989-12-26,3.555555582046509,3.592592477798462,3.518518447875977,3.5740740299224854,3.131282329559326,602700.0,MYL
1989-12-26,38.75,38.75,36.25,38.75,38.737884521484375,47600.0,NAV
1989-12-26,4.25,4.25,4.21875,4.25,3.190342903137207,162800.0,NBL
1989-12-26,3.9166667461395264,3.9166667461395264,3.9166667461395264,3.9166667461395264,1.5990195274353027,4500.0,NBN
1989-12-26,0.0,1.875,1.875,1.875,1.5642986297607422,1000.0,NBR
1989-12-26,3.93420147895813,3.952935695648194,3.9248342514038086,3.9248342514038086,0.007366386242210866,65200.0,NC
1989-12-26,10.125,10.125,10.0,10.0,1.993673324584961,9200.0,NCA
1989-12-26,0.0,6.375,6.375,6.375,3.9571950435638423,4000.0,NDSN
1989-12-26,0.0,3.6604020595550537,3.5511362552642822,3.5511362552642822,2.712576150894165,5900.0,NE
1989-12-26,18.25,18.375,18.25,18.3125,2.478343963623047,190000.0,NEE
1989-12-26,37.599998474121094,37.599998474121094,36.5,36.70000076293945,25.47200965881348,108200.0,NEM
1989-12-26,0.0,2.7083332538604736,2.375,2.375,0.007077310234308244,6600.0,NEN
1989-12-26,0.0,1.111388921737671,1.0224778652191162,1.0224778652191162,1.0224778652191162,2900.0,NEOG
1989-12-26,0.0,7031.25,6250.0,6250.0,6250.0,0.0,NEON
1989-12-26,87.5,87.5,85.83333587646484,86.25,37.53745651245117,19200.0,NEU
1989-12-26,13.75,13.875,13.625,13.75,2.482666254043579,20000.0,NFG
1989-12-26,15.375,15.375,15.375,15.375,1.0129326581954956,3000.0,NHC
1989-12-26,13.75,13.75,13.75,13.75,13.390816688537598,0.0,NHLD
1989-12-26,3.708251476287842,3.7328095436096187,3.708251476287842,3.7328095436096187,0.05121942982077599,474300.0,NI
1989-12-26,4.583333492279053,4.583333492279053,4.55555534362793,4.583333492279053,0.02326751872897148,20600.0,NJR
1989-12-26,0.83984375,0.84765625,0.830078125,0.83984375,0.010549650527536869,5824000.0,NKE
1989-12-26,24.375,24.375,24.25,24.25,4.421396255493164,10100.0,NL
1989-12-26,12.125,12.125,12.0,12.0,2.2729368209838867,13100.0,NMI
1989-12-26,0.0,7.5,7.25,7.5,0.7837781310081482,1400.0,NNN
1989-12-26,10.75,10.75,10.625,10.75,2.24346137046814,3800.0,NNY
1989-12-26,7.79268741607666,7.79268741607666,7.679749965667725,7.7362189292907715,1.8242393732070925,95100.0,NOC
1989-12-26,36.375,36.5,36.375,36.5,7.203488349914551,1700.0,NPK
1989-12-26,16.375,16.375,16.125,16.375,1.076287865638733,4300.0,NRT
1989-12-26,13.041666984558105,13.25,13.0,13.208333015441895,3.880601167678833,404100.0,NSC
1989-12-26,8.472222328186035,8.472222328186035,8.472222328186035,8.472222328186035,2.140016794204712,0.0,NSEC
1989-12-26,0.0,0.9722222089767456,0.92592591047287,0.92592591047287,0.92592591047287,5800.0,NSSC
1989-12-26,0.0,5.145833492279053,5.083333492279053,5.083333492279053,2.599273204803467,132000.0,NTRS
1989-12-26,3.6640625,3.6640625,3.65625,3.65625,1.0394046306610107,27200.0,NUE
1989-12-26,10.25,10.25,10.125,10.125,1.9298015832901,143400.0,NUV
1989-12-26,0.4925000071525574,0.4925000071525574,0.4925000071525574,0.4925000071525574,-8.239441376645118e-05,20000.0,NVO
1989-12-26,5.25,5.375,5.125,5.25,5.065421104431152,25400.0,NVR
1989-12-26,11.0,11.0,10.875,10.875,4.7667317390441895,53400.0,NWL
1989-12-26,0.0,10.625,10.625,10.625,10.337342262268066,800.0,NWLI
1989-12-26,0.0,16.58333396911621,16.41666603088379,16.58333396911621,3.5713312625885014,13600.0,NWN
1989-12-26,6.666666507720947,6.666666507720947,6.611111164093018,6.611111164093018,0.6493883728981018,34300.0,NX
1989-12-26,0.0,0.203125,0.1875,0.1875,0.13130414485931394,1600.0,NXGN
1989-12-26,13.375,13.375,13.0,13.1875,6.9853515625,116200.0,NYT
1989-12-26,0.1869778335094452,0.1869778335094452,0.1869778335094452,0.1869778335094452,0.16623342037200928,0.0,OBCI
1989-12-26,16.959999084472653,16.959999084472653,16.959999084472653,16.959999084472653,6.807988166809082,0.0,ODC
1989-12-26,0.0,2.518518447875977,2.4444444179534908,2.4444444179534908,2.131541013717652,341500.0,ODP
1989-12-26,0.8127859830856323,0.8127859830856323,0.8127859830856323,0.8127859830856323,0.3128621578216553,0.0,OFG
1989-12-26,9.5625,9.59375,9.5,9.53125,0.15455596148967746,55200.0,OGE
1989-12-26,10.625,10.75,10.625,10.75,1.4433608055114746,12200.0,OIA
1989-12-26,0.0,2.84375,2.65625,2.8125,2.4861996173858643,362400.0,OII
1989-12-26,3.4472947120666504,3.474654197692871,3.4472947120666504,3.474654197692871,0.06382855772972107,171700.0,OKE
1989-12-26,18.88888931274414,18.88888931274414,18.76984214782715,18.76984214782715,2.2952098846435547,110200.0,OLN
1989-12-26,0.0,11.0,10.875,11.0,0.9480438828468324,1400.0,OLP
1989-12-26,0.0,3.203125,3.171875,3.171875,0.7651329040527344,119200.0,OMC
1989-12-26,2.4691357612609863,2.4691357612609863,2.419753074645996,2.4444444179534908,1.0976690053939822,24400.0,OMI
1989-12-26,0.0,11.602960586547852,11.495525360107422,11.602960586547852,3.978605031967163,600.0,ONB
1989-12-26,1.5,1.5,1.5,1.5,0.8980337977409363,0.0,OPY
1989-12-26,0.5648148059844971,0.5740740895271301,0.5648148059844971,0.5709876418113708,0.4971588551998138,10854000.0,ORCL
1989-12-26,0.0,2.616642713546753,2.552509307861328,2.578162670135498,0.3036758601665497,1047000.0,ORI
1989-12-26,0.0,1.5833333730697632,1.4166666269302368,1.5,0.09142863750457764,195600.0,OSK
1989-12-26,0.0,6.75,6.25,6.25,4.795454502105713,6400.0,OSUR
1989-12-26,0.0,12.1875,12.0,12.0,3.1173021793365483,600.0,OTTR
1989-12-26,6.1875,6.3125,6.1875,6.1875,1.646466851234436,3800.0,OXM
1989-12-26,13.951769828796387,14.011648178100586,13.891890525817873,13.951769828796387,1.8615509271621704,269600.0,OXY
1989-12-26,15.25,15.25,15.125,15.125,1.6590822935104368,1400.0,PAI
1989-12-26,3.4166667461395264,3.5,3.3333332538604736,3.3333332538604736,3.3333332538604736,4000.0,PAR
1989-12-26,0.0,0.9629629850387572,0.9629629850387572,0.9629629850387572,0.8260547518730164,11200.0,PATK
1989-12-26,0.0,0.7608596086502075,0.7364730834960938,0.751105010509491,0.3937820792198181,742500.0,PAYX
1989-12-26,0.0,1.1111111640930176,1.0934743881225586,1.0934743881225586,0.2597520649433136,294800.0,PBCT
1989-12-26,11.5625,11.59375,11.5,11.53125,2.451355218887329,309600.0,PBI
1989-12-26,6.0,6.0,5.875,5.875,0.4177834987640381,22000.0,PBT
1989-12-26,4.024691581726073,4.024691581726073,3.876543283462525,3.925925970077514,1.4124200344085691,284400.0,PCAR
1989-12-26,6.75,6.875,6.75,6.75,0.5961797833442688,16100.0,PCF
1989-12-26,22.0,22.0,21.625,21.75,6.683817386627197,146700.0,PCG
1989-12-26,31.00382804870605,31.00382804870605,30.68309783935547,30.68309783935547,5.505364894866943,47900.0,PCH
1989-12-26,0.0,1.125,0.75,0.75,0.75,500.0,PDEX
1989-12-26,12.125,12.125,12.0,12.125,0.9838729500770568,3200.0,PDT
1989-12-26,7.1152095794677725,7.143670082092285,7.1152095794677725,7.1152095794677725,0.12776027619838715,20200.0,PEAK
1989-12-26,5.51930046081543,5.51930046081543,5.51930046081543,5.51930046081543,1.3682574033737185,0.0,PEBK
1989-12-26,14.25,14.375,14.25,14.3125,0.9394393563270568,110400.0,PEG
1989-12-26,26.875,26.875,26.875,26.875,2.3548510074615483,7200.0,PEI
1989-12-26,18.25,18.25,18.25,18.25,2.589264154434204,3100.0,PEO
1989-12-26,10.4375,10.479166984558104,10.375,10.4375,5.020288467407227,676800.0,PEP
1989-12-26,2.8177082538604736,2.8229167461395264,2.78125,2.78125,0.09629997611045836,1920000.0,PFE
1989-12-26,0.0,3.1875,3.125,3.1875,2.368666887283325,2100.0,PFIN
1989-12-26,8.515625,8.546875,8.453125,8.484375,1.6902612447738647,1819200.0,PG
1989-12-26,1.0277777910232544,1.03125,1.0208333730697632,1.03125,0.3007484078407288,36000.0,PGR
1989-12-26,7.370370388031006,7.4814815521240225,7.296296119689941,7.370370388031006,2.332878589630127,114000.0,PH
1989-12-26,6.125,6.15625,6.0625,6.15625,3.0814285278320312,96400.0,PHG
1989-12-26,7.5,7.66304349899292,7.5,7.60869550704956,2.592274904251098,259200.0,PHI
1989-12-26,1.34375,1.359375,1.3125,1.3125,0.5604286789894104,147200.0,PHM
1989-12-26,2.0625,2.0833332538604736,2.0416667461395264,2.0625,0.00016501624486409128,109200.0,PII
1989-12-26,7.625,7.625,7.5,7.625,0.553637683391571,84300.0,PIM
1989-12-26,4.291666507720946,4.291666507720946,4.291666507720946,4.291666507720946,0.8963602185249329,4500.0,PKE
1989-12-26,8.1875,8.1875,8.09375,8.09375,3.2529549598693848,29200.0,PKI
1989-12-26,0.0,6.0,5.875,5.875,5.422821044921875,27600.0,PKOH
1989-12-26,0.0,1.75,1.75,1.75,1.75,2000.0,PLAB
1989-12-26,0.0,1.1666666269302368,1.0625,1.0625,1.0625,34800.0,PLXS
1989-12-26,0.0,20.87378692626953,20.145631790161133,20.145631790161133,7.181252479553223,8600.0,PMD
1989-12-26,9.375,9.5,9.375,9.5,1.2336421012878418,21400.0,PMM
1989-12-26,20.5,20.75,20.375,20.5625,6.037833690643311,160000.0,PNC
1989-12-26,9.083333015441896,9.083333015441896,8.833333015441895,9.0,3.49121356010437,66600.0,PNM
1989-12-26,2.9941794872283936,3.022162437438965,2.9661965370178223,2.9941794872283936,0.3703463673591614,55900.0,PNR
1989-12-26,0.0,2.0,1.8125,1.8125,1.8125,1100.0,PNRG
1989-12-26,11.125,11.125,11.0,11.0,3.608518362045288,250600.0,PNW
1989-12-26,6.5999999046325675,6.5999999046325675,6.5999999046325675,6.5999999046325675,2.535971403121948,0.0,POPE
1989-12-26,0.0,4.4375,4.4375,4.4375,3.681176424026489,3100.0,POWL
1989-12-26,4.773333549499512,4.826666831970215,4.773333549499512,4.773333549499512,3.257007598876953,8100.0,PPC
1989-12-26,9.96875,10.25,9.90625,10.09375,1.608786940574646,582400.0,PPG
1989-12-26,0.0,8.0,7.875,7.875,7.875,900.0,PPIH
1989-12-26,9.896124839782717,9.983444213867188,9.896124839782717,9.925230979919434,0.5311143398284912,113300.0,PPL
1989-12-26,7.75,7.875,7.75,7.75,0.5890406966209412,327300.0,PPT
1989-12-26,10.875,10.875,10.75,10.75,2.729804515838623,8100.0,PSA
1989-12-26,0.0,2.03125,1.8489583730697632,2.03125,2.03125,581700.0,PTC
1989-12-26,0.0,0.875,0.8125,0.875,0.7297782301902771,9300.0,PTSI
1989-12-26,6.266666889190674,6.266666889190674,6.266666889190674,6.266666889190674,2.351805686950684,0.0,PTVCA
1989-12-26,5.733333110809326,5.733333110809326,5.733333110809326,5.733333110809326,2.0231778621673584,0.0,PTVCB
1989-12-26,8.0625,8.1875,7.9375,8.0,6.203581809997559,17400.0,PVH
1989-12-26,5.75,5.75,5.625,5.625,1.221210241317749,3200.0,PW
1989-12-26,21.0,21.25,20.625,20.75,8.350321769714355,174800.0,R
1989-12-26,156.875,158.125,147.5,153.75,119.7397689819336,60600.0,RAD
1989-12-26,0.0,52.734375,50.390625,50.390625,50.390625,3700.0,RADA
1989-12-26,0.7222222089767456,0.7222222089767456,0.7222222089767456,0.7222222089767456,0.3442167341709137,0.0,RAVN
1989-12-26,7.875,7.9375,7.875,7.875,3.782937049865722,3600.0,RBC
1989-12-26,0.0,26.5625,25.9375,25.9375,9.063960075378418,4000.0,RCMT
1989-12-26,29.08333396911621,29.08333396911621,29.08333396911621,29.08333396911621,29.08333396911621,0.0,RDI
1989-12-26,0.0,10.25,10.0,10.0,5.154613971710205,11000.0,RELL
1989-12-26,0.39506173133850103,0.39506173133850103,0.39506173133850103,0.39506173133850103,0.21197988092899325,0.0,RES
1989-12-26,1.6111111640930176,1.6666666269302368,1.6111111640930176,1.6111111640930176,1.6111111640930176,57100.0,REX
1989-12-26,0.0,6.212906837463379,6.120863437652588,6.120863437652588,2.3401575088500977,110600.0,RF
1989-12-26,0.0,9.75,9.25,9.75,9.75,400.0,RGEN
1989-12-26,0.0,1.875,1.625,1.75,1.4140452146530151,2800.0,RGLD
1989-12-26,7.625,7.625,7.625,7.625,1.270289421081543,0.0,RGR
1989-12-26,0.9218106865882874,0.9218106865882874,0.9218106865882874,0.9218106865882874,0.3134274780750275,0.0,RJF
1989-12-26,1.3799999952316284,1.3799999952316284,1.3600000143051147,1.3799999952316284,0.19867543876171112,16400.0,RLI
1989-12-26,0.0,1.6233766078948977,1.5460729598999023,1.5460729598999023,0.7807626724243164,9600.0,RMCF
1989-12-26,5.75,5.78125,5.75,5.75,5.670527935028076,8400.0,ROG
1989-12-26,22.375,22.875,22.125,22.5,2.497335433959961,111000.0,ROK
1989-12-26,1.0681298971176147,1.0754457712173462,1.0608139038085938,1.0754457712173462,0.02312374673783779,27600.0,ROL
1989-12-26,0.453125,0.45703125,0.4453125,0.45703125,0.21545781195163727,2092800.0,ROST
1989-12-26,0.0,6.314666748046875,6.186666488647461,6.271999835968018,2.0058248043060303,50600.0,RPM
1989-12-26,23.0,23.5,22.5,22.5,3.4466216564178467,4200.0,RPT
1989-12-26,3.75,3.75,3.75,3.75,3.2354092597961426,0.0,RRC
1989-12-26,24.3125,24.4375,24.25,24.375,6.606801986694336,74600.0,RRD
1989-12-26,16.78125,16.8125,16.71875,16.71875,5.6965508460998535,414000.0,RTN
1989-12-26,8.648524284362793,8.763837814331055,8.648524284362793,8.648524284362793,0.8073136210441589,11700.0,RVT
1989-12-26,5.333333492279053,5.55555534362793,5.1111111640930185,5.333333492279053,3.127685546875,72000.0,SAFM
1989-12-26,4.309640407562257,4.309640407562257,4.309640407562257,4.309640407562257,-0.007022942882031202,7200.0,SAN
1989-12-26,0.0,19.696969985961914,18.939393997192386,18.939393997192386,10.678364753723145,700.0,SBCF
1989-12-26,12.375,12.375,12.25,12.25,0.762353777885437,1100.0,SBR
1989-12-26,0.3045267462730408,0.3045267462730408,0.3017832636833191,0.3017832636833191,0.07891310751438141,211800.0,SCHW
1989-12-26,5.0,5.041666507720947,4.958333492279053,5.0,2.7968010902404785,80000.0,SCI
1989-12-26,0.0,4.75,4.75,4.75,1.0378222465515137,5600.0,SCL
1989-12-26,20.625,20.875,20.625,20.875,8.653117179870605,1600.0,SCX
1989-12-26,120.0,120.0,120.0,120.0,108.21407318115234,100.0,SEB
1989-12-26,2.421875,2.4375,2.390625,2.4375,1.8385796546936035,77600.0,SEE
1989-12-26,0.0,0.7239583134651184,0.7135416865348816,0.7135416865348816,0.16713319718837738,547200.0,SEIC
1989-12-26,10.0,10.0,10.0,10.0,10.0,0.0,SENEB
1989-12-26,1.4213626384735107,1.4213626384735107,1.3917509317398071,1.3917509317398071,0.8309122920036316,9100.0,SF
1989-12-26,4.541666507720947,4.541666507720947,4.5,4.5,3.8441953659057617,5400.0,SFE
1989-12-26,1.4583333730697632,1.4583333730697632,1.4583333730697632,1.4583333730697632,0.6057203412055969,0.0,SFNC
1989-12-26,0.0,3.828125,3.828125,3.828125,0.3380177319049835,2400.0,SGC
1989-12-26,4.083333492279054,4.083333492279054,4.083333492279054,4.083333492279054,4.083333492279054,0.0,SGMS
1989-12-26,8.25,8.375,8.25,8.375,4.1852240562438965,226000.0,SHW
1989-12-26,2.8125,3.125,2.8125,2.8125,0.5769041776657104,0.0,SIEB
1989-12-26,9.166666984558104,9.166666984558104,9.166666984558104,9.166666984558104,7.207154750823975,100.0,SIF
1989-12-26,77.5,77.5,77.5,77.5,49.52544403076172,0.0,SIG
1989-12-26,0.0,4.625,4.5625,4.5625,1.6647597551345823,62400.0,SIGI
1989-12-26,0.0,2.25,2.15625,2.25,2.194556713104248,196000.0,SIVB
1989-12-26,5.055147171020508,5.085784435272217,5.055147171020508,5.085784435272217,0.05428356304764748,8000.0,SJI
1989-12-26,7.625,7.75,7.625,7.625,0.7890795469284058,53000.0,SJT
1989-12-26,4.520833492279053,4.520833492279053,4.520833492279053,4.520833492279053,0.041942622512578964,0.0,SJW
1989-12-26,14.625,14.75,14.625,14.625,7.0628814697265625,15100.0,SKY
1989-12-26,0.0,1.1458333730697632,1.1041666269302368,1.1458333730697632,0.9213322401046752,2400.0,SKYW
1989-12-26,12.09375,12.21875,12.0625,12.1875,3.0948970317840576,882400.0,SLB
1989-12-26,1.6040369272232056,1.6082916259765625,1.5827631950378418,1.5827631950378418,1.0287845134735107,1433600.0,SLM
1989-12-26,15.0,15.0,15.0,15.0,7.3896446228027335,1900.0,SMP
1989-12-26,0.0,0.21875,0.1875,0.21875,0.21875,44000.0,SMTC
1989-12-26,20.41666603088379,20.58333396911621,20.33333396911621,20.41666603088379,8.22266960144043,26200.0,SNA
1989-12-26,27.386363983154297,27.613636016845703,27.386363983154297,27.613636016845703,20.06418228149414,38800.0,SNE
1989-12-26,0.9374691247940063,0.9374691247940063,0.9374691247940063,0.9374691247940063,0.8583559989929199,0.0,SNFCA
1989-12-26,9.810370445251463,9.810370445251463,9.810370445251463,9.810370445251463,6.5345826148986825,0.0,SNV
1989-12-26,8.934412956237793,8.972593307495117,8.896231651306152,8.896231651306152,0.6110826134681702,251400.0,SO
1989-12-26,15.259739875793455,15.476190567016602,15.259739875793455,15.476190567016602,5.163975715637207,55600.0,SON
1989-12-26,42.5,42.5,42.5,42.5,2.0662610530853267,2800.0,SOR
1989-12-26,0.0,0.7407407164573669,0.7160493731498718,0.7407407164573669,0.4956624209880829,40600.0,SPAR
1989-12-26,125.38580322265624,130.20832824707028,125.38580322265624,125.38580322265624,102.95187377929688,700.0,SPB
1989-12-26,6.9375,6.96875,6.875,6.953125,0.477532833814621,1544800.0,SPGI
1989-12-26,3.57277774810791,3.57277774810791,3.5412993431091313,3.5412993431091313,2.237572431564331,54000.0,SPXC
1989-12-26,16.75,16.75,16.75,16.75,0.11039876192808153,200.0,SR
1989-12-26,4.430602073669434,4.430602073669434,4.430602073669434,4.430602073669434,2.3410069942474365,0.0,SRCE
1989-12-26,3.5,3.625,3.5,3.5,1.0798949003219604,2100.0,SSL
1989-12-26,0.0,29.946762084960934,29.28127861022949,29.946762084960934,1.6638606786727903,1500.0,SSP
1989-12-26,0.0,3.625,3.625,3.625,3.4440951347351074,3300.0,SSY
1989-12-26,108.75,108.75,108.75,108.75,1.8828747272491453,0.0,STAR
1989-12-26,0.0,5.666666507720947,5.666666507720947,5.666666507720947,3.399566650390625,2600.0,STC
1989-12-26,0.0,2.0,1.875,1.875,1.875,7100.0,STKL
1989-12-26,4.796875,4.796875,4.765625,4.78125,1.8202654123306277,89600.0,STT
1989-12-26,0.0,0.2890625,0.2578125,0.27734375,0.02345734275877476,2852800.0,SU
1989-12-26,17.159900665283207,17.21190071105957,17.107900619506836,17.159900665283207,9.101198196411133,119472.0,SUN
1989-12-26,5.1997246742248535,5.268595218658447,5.1997246742248535,5.268595218658447,2.59639048576355,186900.0,SUP
1989-12-26,2.0745980739593506,2.1837875843048096,2.0745980739593506,2.1837875843048096,1.7369228601455688,1200.0,SVT
1989-12-26,19.0625,19.25,19.0,19.125,6.9373230934143075,26200.0,SWK
1989-12-26,1.1666666269302368,1.1666666269302368,1.1666666269302368,1.1666666269302368,1.0722626447677612,20400.0,SWKS
1989-12-26,1.2916666269302368,1.2916666269302368,1.2916666269302368,1.2916666269302368,0.9737793803215028,9600.0,SWN
1989-12-26,85.66500091552734,85.66500091552734,85.66500091552734,85.66500091552734,76.2918930053711,0.0,SWP
1989-12-26,17.5,17.5,17.25,17.25,5.3175015449523935,24700.0,SWX
1989-12-26,6.5,6.5625,6.375,6.5625,1.0290905237197876,40800.0,SWZ
1989-12-26,11.8125,11.8125,11.8125,11.8125,5.409342288970947,800.0,SXI
1989-12-26,11.8125,11.875,11.8125,11.875,4.3511009216308585,23600.0,SXT
1989-12-26,1.4375,1.5,1.4375,1.484375,1.115740180015564,427200.0,SYK
1989-12-26,0.0,4.55555534362793,4.3888888359069815,4.44444465637207,2.454033613204956,13000.0,SYNL
1989-12-26,3.875,3.890625,3.875,3.875,1.3473597764968872,129600.0,SYY
1989-12-26,15.625,15.71875,15.625,15.6875,2.057321786880493,804800.0,T
1989-12-26,9.5,9.5625,9.5,9.5,3.4617278575897217,9800.0,TAP
1989-12-26,0.0,0.75,0.6875,0.6875,0.600398063659668,3400.0,TARO
1989-12-26,0.0,11.25,7.5,7.5,2.9211428165435787,2000.0,TATT
1989-12-26,0.0,11.5,10.5,11.5,6.728579044342041,15500.0,TCCO
1989-12-26,9.159893035888672,9.159893035888672,9.159893035888672,9.159893035888672,2.303704738616944,0.0,TCF
1989-12-26,2.0833332538604736,2.1666667461395264,2.0833332538604736,2.0833332538604736,0.8050486445426941,39900.0,TCI
1989-12-26,0.0,20.03794860839844,19.6843376159668,19.802207946777344,11.416123390197756,69800.0,TDS
1989-12-26,459.6774291992188,471.7742004394531,455.6451721191406,467.741943359375,292.6039733886719,1100.0,TDW
1989-12-26,0.0,2.09375,2.03125,2.03125,2.03125,28800.0,TECD
1989-12-26,0.0,0.375,0.34375,0.34375,0.2947372496128082,44000.0,TECH
1989-12-26,2.165640592575073,2.199835062026977,2.165640592575073,2.199835062026977,0.004432704299688339,1027500.0,TEF
1989-12-26,0.0,12.0,11.5,11.5,11.5,200.0,TELL
1989-12-26,60.875,60.875,60.5,60.625,35.56272506713867,53300.0,TEN
1989-12-26,2.59375,2.59375,2.5625,2.59375,2.4452390670776367,178800.0,TER
1989-12-26,0.0,0.796875,0.765625,0.796875,0.5472323894500732,8000.0,TEVA
1989-12-26,0.0,8.399999618530272,8.300000190734862,8.399999618530272,7.723544597625732,2200.0,TEX
1989-12-26,6.625,6.625,6.5,6.5,1.7651495933532717,20200.0,TFC
1989-12-26,9.916666984558104,9.958333015441896,9.916666984558104,9.916666984558104,5.589879512786865,5600.0,TFX
1989-12-26,0.0,3.527777671813965,3.5,3.527777671813965,1.4733878374099731,14400.0,TG
1989-12-26,2.8125,2.8125,2.8125,2.8125,2.368208885192871,0.0,TGA
1989-12-26,10.6915922164917,10.855072021484377,10.658896446228027,10.756983757019043,1.8106279373168943,359600.0,TGNA
1989-12-26,5.125,5.177083492279053,5.125,5.145833492279053,0.5337286591529846,986400.0,TGT
1989-12-26,49.66666793823242,50.16666793823242,49.33333206176758,50.16666793823242,42.26795959472656,111800.0,THC
1989-12-26,1.1388888359069824,1.1388888359069824,1.125,1.125,0.5767615437507629,7600.0,THO
1989-12-26,5.671875,5.796875,5.53125,5.765625,2.5837061405181885,1056000.0,TIF
1989-12-26,0.0,9.0,8.75,8.9375,6.1486101150512695,29000.0,TILE
1989-12-26,0.0,5.5,5.25,5.5,5.236968040466309,64000.0,TISI
1989-12-26,0.453125,0.4609375,0.4453125,0.45703125,0.0001221789134433493,6076800.0,TJX
1989-12-26,9.663564682006836,9.708303451538086,9.574087142944336,9.574087142944336,2.24074649810791,125700.0,TKR
1989-12-26,0.0,8.125,7.5,7.625,4.668367385864258,36800.0,TLGT
1989-12-26,0.0,30.1652889251709,29.85537147521973,29.85537147521973,18.166954040527344,1200.0,TM
1989-12-26,8.962963104248047,9.0,8.962963104248047,9.0,7.420737743377685,38700.0,TMO
1989-12-26,10.768845558166504,10.768845558166504,10.768845558166504,10.768845558166504,2.8765790462493896,0.0,TMP
1989-12-26,0.0,8.75,8.6875,8.6875,2.215756893157959,22400.0,TNC
1989-12-26,0.78125,0.78125,0.71875,0.75,0.7269744277000427,456800.0,TOL
1989-12-26,35.125,35.125,35.125,35.125,31.797649383544922,500.0,TPC
1989-12-26,6.9000000953674325,6.9000000953674325,6.8499999046325675,6.8499999046325675,4.42255449295044,25000.0,TPL
1989-12-26,5.203859806060791,5.203859806060791,5.168217182159424,5.168217182159424,3.0196518898010254,20000.0,TR
1989-12-26,0.0,41.19857406616211,40.61001968383789,41.19857406616211,39.71977233886719,87500.0,TRC
1989-12-26,0.0,3.5416667461395264,3.4166667461395264,3.4166667461395264,1.250743389129639,8400.0,TRMK
1989-12-26,3.9102051258087163,3.94292664527893,3.87748384475708,3.9102051258087163,0.4668844342231751,850900.0,TRN
1989-12-26,0.0,1.75,1.6875,1.6875,1.6875,7800.0,TRNS
1989-12-26,1.6875,1.71875,1.6640625,1.71875,0.7660472989082336,432000.0,TROW
1989-12-26,14.0,14.0,14.0,14.0,2.05191421508789,11500.0,TRP
1989-12-26,0.0,2.2916738986968994,2.2916738986968994,2.2916738986968994,0.43987122178077703,400.0,TRST
1989-12-26,14.53125,14.5625,14.375,14.5625,3.201894044876098,622800.0,TRV
1989-12-26,8.125,8.375,8.125,8.25,0.450569748878479,47800.0,TSI
1989-12-26,7.833333492279053,7.958333492279053,7.791666507720947,7.916666507720947,5.855568885803223,128100.0,TSN
1989-12-26,0.0,2.09375,2.0,2.09375,0.5826696157455444,56000.0,TSRI
1989-12-26,1.59375,1.609375,1.578125,1.578125,0.01711295172572136,70400.0,TTC
1989-12-26,2.625,2.625,2.625,2.625,1.6311018466949463,0.0,TURN
1989-12-26,5.9375,5.9375,5.9375,5.9375,2.568958282470703,0.0,TWIN
1989-12-26,165.0,165.0,165.0,165.0,128.52632141113278,0.0,TWMC
1989-12-26,48.0,49.875,48.0,49.625,12.102368354797365,50200.0,TWN
1989-12-26,2.2265625,2.2578125,2.2265625,2.25,1.347347617149353,2107200.0,TXN
1989-12-26,5.9375,6.0,5.9375,5.9375,1.5121291875839231,194400.0,TXT
1989-12-26,22.5,22.5,22.25,22.5,2.978037118911743,33400.0,TY
1989-12-26,2.8333332538604736,2.875,2.8333332538604736,2.8333332538604736,2.826246500015259,107400.0,TYL
1989-12-26,11.4375,11.4375,11.4375,11.4375,0.6668723821640015,200.0,UBP
1989-12-26,0.0,6.625,6.5,6.5,1.8466172218322756,600.0,UBSI
1989-12-26,0.0,9.0,8.9375,8.9375,1.2255887985229492,13800.0,UDR
1989-12-26,4.925925731658936,4.925925731658936,4.925925731658936,4.925925731658936,1.7342243194580078,0.0,UFCS
1989-12-26,0.0,21.0,20.799999237060547,20.799999237060547,18.093997955322266,9100.0,UFI
1989-12-26,0.0,7.0,6.75,7.0,2.683789014816284,3900.0,UG
1989-12-26,4.180555343627931,4.180555343627931,4.180555343627931,4.180555343627931,0.036114141345024116,3600.0,UGI
1989-12-26,0.0,1.078125,1.046875,1.046875,0.9227214455604552,174400.0,UHS
1989-12-26,12.625,12.75,12.5,12.625,1.3042418956756592,17300.0,UHT
1989-12-26,145.0,146.25,141.25,146.25,141.62973022460938,40200.0,UIS
1989-12-26,6.47569465637207,6.49305534362793,6.47569465637207,6.49305534362793,1.3773468732833862,53200.0,UL
1989-12-26,0.0,11.485113143920898,11.485113143920898,11.485113143920898,6.199241638183594,600.0,UMBF
1989-12-26,2.375,2.375,2.375,2.375,0.301239550113678,0.0,UMH
1989-12-26,6.916666507720947,6.958333492279053,6.895833492279053,6.9375,0.20956467092037198,416400.0,UN
1989-12-26,0.0,3.75,3.75,3.75,2.913061618804932,400.0,UNAM
1989-12-26,11.75,12.0,11.75,11.875,9.936646461486816,6600.0,UNF
1989-12-26,0.0,0.34765625,0.33984375,0.34765625,0.2543992102146149,240000.0,UNH
1989-12-26,11.5625,11.75,11.5625,11.6875,5.269315719604492,78000.0,UNM
1989-12-26,6.44033145904541,6.461343765258789,6.419318675994872,6.419318675994872,0.38225889205932617,449600.0,UNP
1989-12-26,3.5,3.625,3.5,3.625,3.625,7400.0,UNT
1989-12-26,7.875,8.0,7.875,8.0,0.4410342276096344,24900.0,USA
1989-12-26,0.0,38.5,38.5,38.5,7.412371635437013,100.0,USAU
1989-12-26,2.3611111640930176,2.3611111640930176,2.3611111640930176,2.3611111640930176,0.0591631680727005,5400.0,USB
1989-12-26,0.0,457.5,435.0,457.5,449.4169616699219,0.0,USEG
1989-12-26,0.0,7.5,6.75,6.75,5.330755233764648,2900.0,USLM
1989-12-26,0.0,30.75,30.375,30.625,26.26732063293457,10200.0,USM
1989-12-26,16.216217041015625,16.216217041015625,16.216217041015625,16.216217041015625,2.5728747844696045,0.0,UTL
1989-12-26,6.59375,6.625,6.578125,6.59375,0.5964105129241943,1162400.0,UTX#
1989-12-26,6.59375,6.625,6.578125,6.59375,0.5964105129241943,1162400.0,UTX
1989-12-26,0.0,3.234375,2.671875,2.671875,2.671875,2400.0,UUU
1989-12-26,18.0625,18.25,18.0625,18.1875,4.65215539932251,3800.0,UVV
1989-12-26,0.0,34.0,33.0,34.0,25.69365119934082,16200.0,VAL
1989-12-26,1.178334355354309,1.2125883102416992,1.178334355354309,1.185185194015503,1.102131962776184,711500.0,VAR
1989-12-26,0.0,18.25,18.0,18.0,3.0546255111694336,7400.0,VBF
1989-12-26,3.6046373844146733,3.6046373844146733,3.5604989528656006,3.5604989528656006,0.07457779347896576,449400.0,VFC
1989-12-26,3.634291410446167,3.634291410446167,3.589423656463623,3.589423656463623,0.05625778064131737,1400.0,VGR
1989-12-26,0.0,46.25,43.75,45.0,45.0,100.0,VGZ
1989-12-26,2.4482791423797607,2.4825208187103267,2.4482791423797607,2.465399980545044,0.08133723586797714,331200.0,VHI
1989-12-26,0.0,1.83133065700531,1.83133065700531,1.83133065700531,1.2011908292770386,6000.0,VIRC
1989-12-26,0.0,0.5319765210151672,0.5098108649253845,0.5098108649253845,0.2175743132829666,63000.0,VIVO
1989-12-26,3.6875,3.6875,3.6875,3.6875,1.809434175491333,0.0,VLGEA
1989-12-26,3.456352949142456,3.456352949142456,3.370658159255981,3.370658159255981,0.9608559608459472,345200.0,VLO
1989-12-26,45.0,45.625,45.0,45.625,2.027761697769165,1600.0,VLT
1989-12-26,14.875,14.875,14.875,14.875,5.007917404174805,5400.0,VMC
1989-12-26,0.0,9.375,9.375,9.375,5.681652069091798,4600.0,VMI
1989-12-26,5.451838493347168,5.451838493347168,5.439803600311278,5.439803600311278,0.2291944473981857,14300.0,VNO
1989-12-26,4.718217372894287,4.757050514221191,4.718217372894287,4.757050514221191,1.4317632913589478,190500.0,VOD
1989-12-26,0.0,2.6666667461395264,2.6388888359069824,2.6666667461395264,2.6666667461395264,117000.0,VOLT
1989-12-26,0.875,0.875,0.875,0.875,0.5474436283111572,0.0,VSEC
1989-12-26,2.685870409011841,2.728844404220581,2.6643834114074707,2.728844404220581,2.126354694366455,34500.0,VSH
1989-12-26,0.0,55.6875,53.625,53.625,48.12347412109375,100.0,VXRT
1989-12-26,24.47844123840332,24.50654602050781,24.33792304992676,24.33792304992676,3.3287904262542725,172500.0,VZ
1989-12-26,7.791666507720947,7.791666507720947,7.791666507720947,7.791666507720947,3.6480712890625,0.0,WABC
1989-12-26,0.0,7.671454906463622,7.515952110290527,7.671454906463622,2.552331924438477,121800.0,WAFD
1989-12-26,4.641975402832031,4.641975402832031,4.641975402832031,4.641975402832031,1.5113755464553833,0.0,WASH
1989-12-26,2.796875,2.796875,2.765625,2.7890625,1.798003911972046,572800.0,WBA
1989-12-26,4.449999809265137,4.474999904632568,4.449999809265137,4.474999904632568,0.0008649933151900767,49000.0,WBK
1989-12-26,4.3181819915771475,4.3181819915771475,4.3181819915771475,4.3181819915771475,1.4662514925003052,2800.0,WBS
1989-12-26,4.125,4.25,4.0625,4.1875,3.3309123516082764,237800.0,WDC
1989-12-26,16.375,16.625,16.375,16.375,5.792144298553468,13400.0,WDFC
1989-12-26,10.458333015441896,10.625,10.458333015441896,10.583333015441896,1.2350218296051023,100400.0,WEC
1989-12-26,0.0,14.75,14.625,14.625,1.4527249336242676,2400.0,WELL
1989-12-26,0.0,12.75,12.5,12.5,2.7291104793548584,142800.0,WEN
1989-12-26,3.119999885559082,3.119999885559082,3.039999961853028,3.119999885559082,1.5581220388412476,23600.0,WERN
1989-12-26,2.75,2.75,2.75,2.75,1.012498140335083,0.0,WEYS
1989-12-26,2.625,2.75,2.625,2.734375,0.265484631061554,914400.0,WFC
1989-12-26,2.5625,2.625,2.5625,2.5625,1.5591299533843994,143000.0,WGO
1989-12-26,31.625,32.5,31.5,32.5,14.513028144836426,22800.0,WHR
1989-12-26,0.0,1.625,1.5,1.5,0.916844367980957,1000.0,WM
1989-12-26,4.848707675933838,4.848707675933838,4.817526340484619,4.8331170082092285,0.3499825894832611,354200.0,WMB
1989-12-26,30.25,30.25,30.125,30.125,11.82027530670166,1000.0,WMK
1989-12-26,0.434799998998642,0.4457600116729736,0.434799998998642,0.434799998998642,0.3982758522033691,413351.0,WMS
1989-12-26,5.5,5.53125,5.40625,5.421875,3.2310209274291988,1632800.0,WMT
1989-12-26,0.0,10.11111068725586,10.0,10.05555534362793,3.958542108535767,227400.0,WOR
1989-12-26,53.75,53.75,53.75,53.75,24.2745304107666,0.0,WPP
1989-12-26,2.341106653213501,2.341106653213501,2.311842679977417,2.311842679977417,0.3332878947257996,718200.0,WRB
1989-12-26,0.0,12.5,12.333333015441895,12.5,2.4171512126922607,3000.0,WRE
1989-12-26,14.166666984558105,14.166666984558105,14.0,14.05555534362793,0.7608708143234253,33900.0,WRI
1989-12-26,10.0,10.0,10.0,10.0,3.344866275787353,0.0,WSBC
1989-12-26,0.0,2.5416667461395264,2.4166667461395264,2.4583332538604736,1.9753122329711916,26400.0,WSFS
1989-12-26,0.0,2.0740740299224854,2.037037134170532,2.037037134170532,1.4534752368927002,11200.0,WSM
1989-12-26,2.64550256729126,2.64550256729126,2.64550256729126,2.64550256729126,0.9795557856559752,600.0,WSO
1989-12-26,4.78125,4.78125,4.78125,4.78125,0.8396413326263428,2400.0,WST
1989-12-26,33.875,34.25,33.75,34.25,28.82235908508301,14700.0,WTM
1989-12-26,18.375,18.375,18.375,18.375,12.24920654296875,200.0,WTS
1989-12-26,0.7407407164573669,0.748971164226532,0.7325102686882019,0.7325102686882019,0.20924918353557587,178400.0,WWW
1989-12-26,26.5,26.625,26.0,26.125,9.467151641845703,151600.0,WY
1989-12-26,19.6875,19.6875,19.5625,19.625,4.302346706390382,566600.0,XEL
1989-12-26,12.59375,12.65625,12.5,12.53125,1.6163522005081177,3794000.0,XOM
1989-12-26,6825.0,6900.0,6750.0,6750.0,6750.0,0.0,XOMA
1989-12-26,0.0,0.9791666865348816,0.9791666865348816,0.9791666865348816,0.7927199602127075,55200.0,XRAY
1989-12-26,24.813350677490234,25.142730712890625,24.813350677490234,24.97804069519043,10.431705474853516,271100.0,XRX
1989-12-26,60.36948776245117,60.36948776245117,59.70971298217773,59.70971298217773,33.004806518554695,1600.0,Y
1989-12-26,203437.5,203437.5,199687.5,201562.5,179909.1875,0.0,YRCW
1989-12-26,60.0,100.0,60.0,60.0,59.98688888549805,0.0,YUMA
1989-12-26,0.0,3.375,3.375,3.375,1.9489917755126955,3200.0,ZION
1989-12-26,7.266666889190674,7.46666669845581,7.266666889190674,7.333333492279053,7.186387538909912,30700.0,ZIXI
1989-12-26,39.5,39.5,39.0,39.5,1.6030727624893188,8700.0,ZTR
